number_of_samples,1000000
name,digits,time
"floff_full_long",1,63.7774
"floff_full_long",2,49.9159
"floff_full_long",3,55.3664
"floff_full_long",4,48.6495
"floff_full_long",5,52.9854
"floff_full_long",6,58.0856
"floff_full_long",7,61.4288
"floff_full_long",8,56.9599
"floff_full_long",9,67.6594
"floff_full_long",10,57.5467
"floff_full_long",11,56.1418
"floff_full_long",12,51.8285
"floff_full_long",13,60.0633
"floff_full_long",14,71.4943
"floff_full_long",15,67.7408
"floff_full_long",16,52.7759
"floff_full_long",17,71.1917
"floff_full_long",18,68.9057
"floff_full_long",19,92.8048
"floff_full_long",20,87.0182
"floff_full_long",21,103.724
"floff_full_long",22,124.159
"floff_full_long",23,127.695
"floff_full_long",24,95.6766
"floff_full_long",25,135.832
"floff_full_long",26,100.037
"floff_full_long",27,106.014
"floff_full_long",28,115.808
"floff_full_long",29,120.076
"floff_full_long",30,120.52
"floff_full_long",31,165.137
"floff_full_long",32,118.928
"floff_full_long",33,155.375
"floff_full_long",34,120.197
"floff_full_long",35,130.66
"floff_full_long",36,122.638
"floff_full_long",37,117.672
"floff_full_long",38,128.692
"floff_full_long",39,165.858
"floff_full_long",40,130.988
"floff_full_long",41,145.069
"floff_full_long",42,155.944
"floff_full_long",43,151.628
"floff_full_long",44,134.451
"floff_full_long",45,125.727
"floff_full_long",46,148.013
"floff_full_long",47,170.097
"floff_full_long",48,140.011
"floff_full_long",49,156.713
"floff_full_long",50,143.457
"floff_full_long",51,139.599
"floff_full_long",52,154.246
"floff_full_long",53,143.678
"floff_full_long",54,167.111
"floff_full_long",55,176.438
"floff_full_long",56,151.779
"floff_full_long",57,154.401
"floff_full_long",58,140.752
"floff_full_long",59,142.496
"floff_full_long",60,165.319
"floff_full_long",61,176.112
"floff_full_long",62,182.231
"floff_full_long",63,184.684
"floff_full_long",64,172.355
"floff_full_long",65,155.844
"floff_full_long",66,150.283
"floff_full_long",67,163.058
"floff_full_long",68,188.022
"floff_full_long",69,174.356
"floff_full_long",70,184.169
"floff_full_long",71,193.215
"floff_full_long",72,174.957
"floff_full_long",73,165.866
"floff_full_long",74,161.537
"floff_full_long",75,189.653
"floff_full_long",76,177.272
"floff_full_long",77,186.316
"floff_full_long",78,193.345
"floff_full_long",79,213.605
"floff_full_long",80,164.126
"floff_full_long",81,188.614
"floff_full_long",82,196.09
"floff_full_long",83,188.543
"floff_full_long",84,185.771
"floff_full_long",85,186.202
"floff_full_long",86,200.864
"floff_full_long",87,200.389
"floff_full_long",88,185.266
"floff_full_long",89,193.905
"floff_full_long",90,198.562
"floff_full_long",91,176.599
"floff_full_long",92,199.47
"floff_full_long",93,202.18
"floff_full_long",94,226.181
"floff_full_long",95,212.675
"floff_full_long",96,214.315
"floff_full_long",97,202.869
"floff_full_long",98,210.364
"floff_full_long",99,183.802
"floff_full_long",100,206.647
"floff_full_long",101,200.952
"floff_full_long",102,253.218
"floff_full_long",103,227.677
"floff_full_long",104,207.261
"floff_full_long",105,208.159
"floff_full_long",106,213.21
"floff_full_long",107,192.887
"floff_full_long",108,223.165
"floff_full_long",109,218.021
"floff_full_long",110,270.431
"floff_full_long",111,235.279
"floff_full_long",112,209.486
"floff_full_long",113,208.996
"floff_full_long",114,237.012
"floff_full_long",115,213.629
"floff_full_long",116,247.931
"floff_full_long",117,227.868
"floff_full_long",118,276.199
"floff_full_long",119,226.445
"floff_full_long",120,212.514
"floff_full_long",121,231.447
"floff_full_long",122,212.405
"floff_full_long",123,223.845
"floff_full_long",124,297.851
"floff_full_long",125,236.939
"floff_full_long",126,263.138
"floff_full_long",127,260.328
"floff_full_long",128,224.683
"floff_full_long",129,256.514
"floff_full_long",130,234.624
"floff_full_long",131,232.868
"floff_full_long",132,322.702
"floff_full_long",133,220.504
"floff_full_long",134,267.265
"floff_full_long",135,234.924
"floff_full_long",136,226.168
"floff_full_long",137,241.924
"floff_full_long",138,251.43
"floff_full_long",139,236.767
"floff_full_long",140,346.225
"floff_full_long",141,244.364
"floff_full_long",142,249.537
"floff_full_long",143,258.146
"floff_full_long",144,239.073
"floff_full_long",145,235.957
"floff_full_long",146,262.148
"floff_full_long",147,253.306
"floff_full_long",148,362.824
"floff_full_long",149,229.747
"floff_full_long",150,296.271
"floff_full_long",151,259.678
"floff_full_long",152,245.24
"floff_full_long",153,266.067
"floff_full_long",154,237.511
"floff_full_long",155,273.309
"floff_full_long",156,346.966
"floff_full_long",157,245.395
"floff_full_long",158,288.891
"floff_full_long",159,302.239
"floff_full_long",160,251.29
"floff_full_long",161,271.618
"floff_full_long",162,238.05
"floff_full_long",163,277.156
"floff_full_long",164,358.402
"floff_full_long",165,275.79
"floff_full_long",166,303.449
"floff_full_long",167,271.094
"floff_full_long",168,262.094
"floff_full_long",169,254.867
"floff_full_long",170,244.588
"floff_full_long",171,260.327
"floff_full_long",172,336.328
"floff_full_long",173,260.296
"floff_full_long",174,330.415
"floff_full_long",175,285.149
"floff_full_long",176,294.567
"floff_full_long",177,303.915
"floff_full_long",178,286.38
"floff_full_long",179,250.385
"floff_full_long",180,334.579
"floff_full_long",181,272.524
"floff_full_long",182,351.448
"floff_full_long",183,252.99
"floff_full_long",184,291.885
"floff_full_long",185,283.938
"floff_full_long",186,261.641
"floff_full_long",187,260.788
"floff_full_long",188,325.561
"floff_full_long",189,285.033
"floff_full_long",190,349.875
"floff_full_long",191,274.835
"floff_full_long",192,273.947
"floff_full_long",193,324.098
"floff_full_long",194,271.225
"floff_full_long",195,255.799
"floff_full_long",196,331.731
"floff_full_long",197,296.872
"floff_full_long",198,361.695
"floff_full_long",199,271.337
"floff_full_long",200,260.983
"floff_full_long",201,369.762
"floff_full_long",202,272.746
"floff_full_long",203,260.116
"floff_full_long",204,340.091
"floff_full_long",205,295.726
"floff_full_long",206,394.099
"floff_full_long",207,275.993
"floff_full_long",208,264.549
"floff_full_long",209,366.361
"floff_full_long",210,317.745
"floff_full_long",211,261.763
"floff_full_long",212,327.487
"floff_full_long",213,286.53
"floff_full_long",214,381.989
"floff_full_long",215,300.826
"floff_full_long",216,270.52
"floff_full_long",217,345.285
"floff_full_long",218,309.644
"floff_full_long",219,278.272
"floff_full_long",220,306.136
"floff_full_long",221,274.912
"floff_full_long",222,416.214
"floff_full_long",223,283.682
"floff_full_long",224,272.432
"floff_full_long",225,342.246
"floff_full_long",226,324.374
"floff_full_long",227,270.818
"floff_full_long",228,316.506
"floff_full_long",229,276.107
"floff_full_long",230,469.482
"floff_full_long",231,278.083
"floff_full_long",232,271.172
"floff_full_long",233,354.935
"floff_full_long",234,304.234
"floff_full_long",235,290.393
"floff_full_long",236,294.578
"floff_full_long",237,278.562
"floff_full_long",238,531.296
"floff_full_long",239,308.629
"floff_full_long",240,278.238
"floff_full_long",241,400.754
"floff_full_long",242,314.698
"floff_full_long",243,280.893
"floff_full_long",244,289.653
"floff_full_long",245,282.495
"floff_full_long",246,416.982
"floff_full_long",247,341.487
"floff_full_long",248,279.238
"floff_full_long",249,457.043
"floff_full_long",250,287.021
"floff_full_long",251,282.745
"floff_full_long",252,299.268
"floff_full_long",253,287.359
"floff_full_long",254,383.893
"floff_full_long",255,374.116
"floff_full_long",256,287.107
"floff_full_long",257,472.203
"floff_full_long",258,292.969
"floff_full_long",259,303.947
"floff_full_long",260,294.519
"floff_full_long",261,294.372
"floff_full_long",262,391.828
"floff_full_long",263,380.038
"floff_full_long",264,288.281
"floff_full_long",265,416.734
"floff_full_long",266,294.126
"floff_full_long",267,343.581
"floff_full_long",268,301.992
"floff_full_long",269,292.285
"floff_full_long",270,414.45
"floff_full_long",271,390.745
"floff_full_long",272,293.279
"floff_full_long",273,412.595
"floff_full_long",274,294.926
"floff_full_long",275,347.348
"floff_full_long",276,299.006
"floff_full_long",277,293.745
"floff_full_long",278,432.515
"floff_full_long",279,344.08
"floff_full_long",280,295.231
"floff_full_long",281,391.343
"floff_full_long",282,297.362
"floff_full_long",283,367.449
"floff_full_long",284,309.466
"floff_full_long",285,293.593
"floff_full_long",286,423.408
"floff_full_long",287,312.667
"floff_full_long",288,304.049
"floff_full_long",289,398.355
"floff_full_long",290,300.261
"floff_full_long",291,338.712
"floff_full_long",292,347.375
"floff_full_long",293,306.809
"floff_full_long",294,416.881
"floff_full_long",295,303.125
"floff_full_long",296,339.344
"floff_full_long",297,433.87
"floff_full_long",298,308.523
"floff_full_long",299,372.047
"floff_full_long",300,378.144
"floff_full_long",301,304.428
"floff_full_long",302,390.788
"floff_full_long",303,320.694
"floff_full_long",304,325.368
"floff_full_long",305,424.355
"floff_full_long",306,308.594
"floff_full_long",307,382.44
"floff_full_long",308,360.205
"floff_full_long",309,320.908
"floff_full_long",310,402.07
"floff_full_long",311,308.568
"floff_full_long",312,308.641
"floff_full_long",313,378.302
"floff_full_long",314,307.449
"floff_full_long",315,404.913
"floff_full_long",316,349.85
"floff_full_long",317,333.059
"floff_full_long",318,473.702
"floff_full_long",319,332.684
"floff_full_long",320,311.738
"floff_full_long",321,364.662
"floff_full_long",322,310.577
"floff_full_long",323,353.469
"floff_full_long",324,332.223
"floff_full_long",325,334.188
"floff_full_long",326,541.053
"floff_full_long",327,308.353
"floff_full_long",328,327.391
"floff_full_long",329,378.206
"floff_full_long",330,330.098
"floff_full_long",331,385.41
"floff_full_long",332,332.938
"floff_full_long",333,315.034
"floff_full_long",334,532.206
"floff_full_long",335,315.974
"floff_full_long",336,368.561
"floff_full_long",337,417.066
"floff_full_long",338,337.073
"floff_full_long",339,362.243
"floff_full_long",340,322.917
"floff_full_long",341,318.737
"floff_full_long",342,511.06
"floff_full_long",343,322.724
"floff_full_long",344,394.493
"floff_full_long",345,394.437
"floff_full_long",346,326.319
"floff_full_long",347,363.961
"floff_full_long",348,331.331
"floff_full_long",349,319.638
"floff_full_long",350,495.446
"floff_full_long",351,351.177
"floff_full_long",352,447.837
"floff_full_long",353,358.403
"floff_full_long",354,320.291
"floff_full_long",355,392.354
"floff_full_long",356,326.561
"floff_full_long",357,322.741
"floff_full_long",358,457.569
"floff_full_long",359,342.584
"floff_full_long",360,400.198
"floff_full_long",361,343.768
"floff_full_long",362,323.128
"floff_full_long",363,392.443
"floff_full_long",364,331.64
"floff_full_long",365,337.211
"floff_full_long",366,412.791
"floff_full_long",367,328.491
"floff_full_long",368,379.468
"floff_full_long",369,349.947
"floff_full_long",370,327.676
"floff_full_long",371,433.301
"floff_full_long",372,355.865
"floff_full_long",373,378.414
"floff_full_long",374,400.894
"floff_full_long",375,334.156
"floff_full_long",376,383.744
"floff_full_long",377,338.749
"floff_full_long",378,328.271
"floff_full_long",379,466.777
"floff_full_long",380,340.535
"floff_full_long",381,431.968
"floff_full_long",382,397.967
"floff_full_long",383,332.915
"floff_full_long",384,365.363
"floff_full_long",385,355.735
"floff_full_long",386,331.084
"floff_full_long",387,434.645
"floff_full_long",388,335.615
"floff_full_long",389,529.732
"floff_full_long",390,421.274
"floff_full_long",391,346.334
"floff_full_long",392,426.043
"floff_full_long",393,441.019
"floff_full_long",394,391.464
"floff_full_long",395,506.137
"floff_full_long",396,356.809
"floff_full_long",397,481.168
"floff_full_long",398,386.981
"floff_full_long",399,355.849
"floff_full_long",400,479.402
"floff_full_long",401,473.855
"floff_full_long",402,362.01
"floff_full_long",403,407.792
"floff_full_long",404,336.763
"floff_full_long",405,368.308
"floff_full_long",406,357.844
"floff_full_long",407,367.666
"floff_full_long",408,515.467
"floff_full_long",409,501.552
"floff_full_long",410,388.989
"floff_full_long",411,407.21
"floff_full_long",412,370.532
"floff_full_long",413,393.645
"floff_full_long",414,381.696
"floff_full_long",415,351.752
"floff_full_long",416,564.074
"floff_full_long",417,447.55
"floff_full_long",418,389.573
"floff_full_long",419,406.946
"floff_full_long",420,342.635
"floff_full_long",421,374.999
"floff_full_long",422,377.394
"floff_full_long",423,339.284
"floff_full_long",424,542.203
"floff_full_long",425,412.875
"floff_full_long",426,384.738
"floff_full_long",427,397.831
"floff_full_long",428,343.246
"floff_full_long",429,388.513
"floff_full_long",430,364.67
"floff_full_long",431,354.502
"floff_full_long",432,599.169
"floff_full_long",433,386.11
"floff_full_long",434,404.134
"floff_full_long",435,398.925
"floff_full_long",436,389.838
"floff_full_long",437,392.309
"floff_full_long",438,410.576
"floff_full_long",439,385.214
"floff_full_long",440,550.762
"floff_full_long",441,375.991
"floff_full_long",442,391.429
"floff_full_long",443,385.432
"floff_full_long",444,348.443
"floff_full_long",445,396.661
"floff_full_long",446,426.046
"floff_full_long",447,403.245
"floff_full_long",448,517.721
"floff_full_long",449,352.553
"floff_full_long",450,397.61
"floff_full_long",451,373.029
"floff_full_long",452,345.789
"floff_full_long",453,417.092
"floff_full_long",454,432.311
"floff_full_long",455,375.008
"floff_full_long",456,496.19
"floff_full_long",457,351.375
"floff_full_long",458,420.038
"floff_full_long",459,368.794
"floff_full_long",460,384.597
"floff_full_long",461,414.822
"floff_full_long",462,435.356
"floff_full_long",463,400.733
"floff_full_long",464,472.29
"floff_full_long",465,348.164
"floff_full_long",466,380.779
"floff_full_long",467,383.225
"floff_full_long",468,383.383
"floff_full_long",469,441.703
"floff_full_long",470,382.714
"floff_full_long",471,407.952
"floff_full_long",472,451.379
"floff_full_long",473,354.367
"floff_full_long",474,358.791
"floff_full_long",475,400.933
"floff_full_long",476,398.913
"floff_full_long",477,446.235
"floff_full_long",478,356.087
"floff_full_long",479,413.782
"floff_full_long",480,485.662
"floff_full_long",481,414.172
"floff_full_long",482,349.88
"floff_full_long",483,470.68
"floff_full_long",484,401.163
"floff_full_long",485,434.837
"floff_full_long",486,362.364
"floff_full_long",487,410.965
"floff_full_long",488,469.673
"floff_full_long",489,416.456
"floff_full_long",490,358.308
"floff_full_long",491,432.908
"floff_full_long",492,398.436
"floff_full_long",493,445.948
"floff_full_long",494,369.368
"floff_full_long",495,358.211
"floff_full_long",496,472.806
"floff_full_long",497,428.136
"floff_full_long",498,372.674
"floff_full_long",499,374.31
"floff_full_long",500,398.356
"floff_full_long",501,434.127
"floff_full_long",502,375.177
"floff_full_long",503,360.741
"floff_full_long",504,491.353
"floff_full_long",505,427.325
"floff_full_long",506,395.001
"floff_full_long",507,396.474
"floff_full_long",508,396.067
"floff_full_long",509,472.587
"floff_full_long",510,397.023
"floff_full_long",511,361.7
"floff_full_long",512,420.663
"floff_full_long",513,392.506
"floff_full_long",514,422.233
"floff_full_long",515,436.736
"floff_full_long",516,368.666
"floff_full_long",517,423.091
"floff_full_long",518,392.897
"floff_full_long",519,357.763
"floff_full_long",520,400.99
"floff_full_long",521,403.766
"floff_full_long",522,428.542
"floff_full_long",523,457.025
"floff_full_long",524,360.642
"floff_full_long",525,428.536
"floff_full_long",526,418.927
"floff_full_long",527,365.63
"floff_full_long",528,385.479
"floff_full_long",529,430.068
"floff_full_long",530,395.578
"floff_full_long",531,496.235
"floff_full_long",532,376.249
"floff_full_long",533,461.148
"floff_full_long",534,442.579
"floff_full_long",535,385.969
"floff_full_long",536,386.118
"floff_full_long",537,367.288
"floff_full_long",538,415.097
"floff_full_long",539,537.352
"floff_full_long",540,370.932
"floff_full_long",541,402.412
"floff_full_long",542,434.594
"floff_full_long",543,400.428
"floff_full_long",544,405.458
"floff_full_long",545,372.287
"floff_full_long",546,425.224
"floff_full_long",547,647.097
"floff_full_long",548,385.462
"floff_full_long",549,414.142
"floff_full_long",550,424.664
"floff_full_long",551,387.115
"floff_full_long",552,438.271
"floff_full_long",553,374.55
"floff_full_long",554,464.477
"floff_full_long",555,589.71
"floff_full_long",556,407.974
"floff_full_long",557,374.465
"floff_full_long",558,387.848
"floff_full_long",559,379.668
"floff_full_long",560,410.941
"floff_full_long",561,379.465
"floff_full_long",562,477.177
"floff_full_long",563,601.399
"floff_full_long",564,392.051
"floff_full_long",565,403.877
"floff_full_long",566,370.41
"floff_full_long",567,395.863
"floff_full_long",568,438.016
"floff_full_long",569,391.164
"floff_full_long",570,457.278
"floff_full_long",571,562.731
"floff_full_long",572,402.02
"floff_full_long",573,432.76
"floff_full_long",574,374.864
"floff_full_long",575,419.093
"floff_full_long",576,445.292
"floff_full_long",577,398.388
"floff_full_long",578,477.24
"floff_full_long",579,566.186
"floff_full_long",580,393.706
"floff_full_long",581,411.571
"floff_full_long",582,401.013
"floff_full_long",583,418.215
"floff_full_long",584,407.221
"floff_full_long",585,415.916
"floff_full_long",586,488.14
"floff_full_long",587,495.162
"floff_full_long",588,393.032
"floff_full_long",589,405.496
"floff_full_long",590,394.491
"floff_full_long",591,400.8
"floff_full_long",592,393.018
"floff_full_long",593,392.685
"floff_full_long",594,468.331
"floff_full_long",595,527.581
"floff_full_long",596,402.951
"floff_full_long",597,427.725
"floff_full_long",598,413.882
"floff_full_long",599,374.039
"floff_full_long",600,371.736
"floff_full_long",601,396.268
"floff_full_long",602,468.335
"floff_full_long",603,438.076
"floff_full_long",604,426.913
"floff_full_long",605,447.652
"floff_full_long",606,470.382
"floff_full_long",607,416.704
"floff_full_long",608,373.5
"floff_full_long",609,396.637
"floff_full_long",610,411.42
"floff_full_long",611,418.994
"floff_full_long",612,465.445
"floff_full_long",613,460.189
"floff_full_long",614,744.621
"floff_full_long",615,428.565
"floff_full_long",616,380.669
"floff_full_long",617,421.286
"floff_full_long",618,424.987
"floff_full_long",619,393.402
"floff_full_long",620,387.045
"floff_full_long",621,387.783
"floff_full_long",622,883.257
"floff_full_long",623,465.566
"floff_full_long",624,378.995
"floff_full_long",625,431.479
"floff_full_long",626,477.233
"floff_full_long",627,373.184
"floff_full_long",628,378.773
"floff_full_long",629,380.282
"floff_full_long",630,579.544
"floff_full_long",631,424.387
"floff_full_long",632,377.241
"floff_full_long",633,472.176
"floff_full_long",634,502.029
"floff_full_long",635,376.71
"floff_full_long",636,451.625
"floff_full_long",637,379.161
"floff_full_long",638,505.932
"floff_full_long",639,444.464
"floff_full_long",640,377.857
"floff_full_long",641,514.546
"floff_full_long",642,496.56
"floff_full_long",643,386.003
"floff_full_long",644,395.262
"floff_full_long",645,392.824
"floff_full_long",646,456.558
"floff_full_long",647,477.187
"floff_full_long",648,377.275
"floff_full_long",649,490.718
"floff_full_long",650,471.454
"floff_full_long",651,407.03
"floff_full_long",652,398.615
"floff_full_long",653,381.761
"floff_full_long",654,406.757
"floff_full_long",655,530.898
"floff_full_long",656,378.41
"floff_full_long",657,502.46
"floff_full_long",658,413.742
"floff_full_long",659,474.903
"floff_full_long",660,385.418
"floff_full_long",661,376.329
"floff_full_long",662,388.479
"floff_full_long",663,572.099
"floff_full_long",664,391.6
"floff_full_long",665,554.664
"floff_full_long",666,393.286
"floff_full_long",667,519.536
"floff_full_long",668,386.664
"floff_full_long",669,377.004
"floff_full_long",670,386.517
"floff_full_long",671,657.783
"floff_full_long",672,378.001
"floff_full_long",673,549.26
"floff_full_long",674,394.762
"floff_full_long",675,561.719
"floff_full_long",676,380.302
"floff_full_long",677,379.071
"floff_full_long",678,393.013
"floff_full_long",679,689.875
"floff_full_long",680,396.897
"floff_full_long",681,515.22
"floff_full_long",682,391.556
"floff_full_long",683,505.778
"floff_full_long",684,427.335
"floff_full_long",685,378.731
"floff_full_long",686,436.243
"floff_full_long",687,520.63
"floff_full_long",688,458.016
"floff_full_long",689,507.84
"floff_full_long",690,410.825
"floff_full_long",691,554.673
"floff_full_long",692,403.641
"floff_full_long",693,384.455
"floff_full_long",694,433.102
"floff_full_long",695,478.049
"floff_full_long",696,408.04
"floff_full_long",697,482.843
"floff_full_long",698,445.295
"floff_full_long",699,506.798
"floff_full_long",700,420.34
"floff_full_long",701,406.036
"floff_full_long",702,395.374
"floff_full_long",703,430.045
"floff_full_long",704,384.665
"floff_full_long",705,526.095
"floff_full_long",706,490.009
"floff_full_long",707,586.624
"floff_full_long",708,387.736
"floff_full_long",709,409.451
"floff_full_long",710,392.679
"floff_full_long",711,467.847
"floff_full_long",712,402.655
"floff_full_long",713,480.51
"floff_full_long",714,448.733
"floff_full_long",715,573.77
"floff_full_long",716,381.716
"floff_full_long",717,417.539
"floff_full_long",718,389.96
"floff_full_long",719,473.462
"floff_full_long",720,407.383
"floff_full_long",721,512.738
"floff_full_long",722,420.087
"floff_full_long",723,575.728
"floff_full_long",724,383.252
"floff_full_long",725,392.011
"floff_full_long",726,396.627
"floff_full_long",727,508.642
"floff_full_long",728,414.585
"floff_full_long",729,612.773
"floff_full_long",730,431.831
"floff_full_long",731,582.626
"floff_full_long",732,407.512
"floff_full_long",733,388.736
"floff_full_long",734,386.276
"floff_full_long",735,545.272
"floff_full_long",736,384.002
"floff_full_long",737,527.368
"floff_full_long",738,401.688
"floff_full_long",739,542.541
"floff_full_long",740,412.172
"floff_full_long",741,410.166
"floff_full_long",742,402.334
"floff_full_long",743,556.948
"floff_full_long",744,388.224
"floff_full_long",745,523.991
"floff_full_long",746,398.557
"floff_full_long",747,530.366
"floff_full_long",748,417.495
"floff_full_long",749,411.931
"floff_full_long",750,408.408
"floff_full_long",751,499.952
"floff_full_long",752,384.569
"floff_full_long",753,535.471
"floff_full_long",754,407.92
"floff_full_long",755,515.016
"floff_full_long",756,440.502
"floff_full_long",757,393.842
"floff_full_long",758,390.783
"floff_full_long",759,528.458
"floff_full_long",760,413.966
"floff_full_long",761,562.647
"floff_full_long",762,419.471
"floff_full_long",763,524.455
"floff_full_long",764,465.625
"floff_full_long",765,386.312
"floff_full_long",766,415.397
"floff_full_long",767,467.451
"floff_full_long",768,403.854
"floff_full_long",769,531.538
"floff_full_long",770,392.506
"floff_compressed_super_compact",1,59.9552
"floff_compressed_super_compact",2,49.8867
"floff_compressed_super_compact",3,70.1158
"floff_compressed_super_compact",4,58.3053
"floff_compressed_super_compact",5,68.6828
"floff_compressed_super_compact",6,107.146
"floff_compressed_super_compact",7,82.2561
"floff_compressed_super_compact",8,61.6705
"floff_compressed_super_compact",9,57.643
"floff_compressed_super_compact",10,57.8963
"floff_compressed_super_compact",11,60.095
"floff_compressed_super_compact",12,69.1581
"floff_compressed_super_compact",13,65.0151
"floff_compressed_super_compact",14,113.903
"floff_compressed_super_compact",15,82.7541
"floff_compressed_super_compact",16,76.2384
"floff_compressed_super_compact",17,62.7477
"floff_compressed_super_compact",18,103.747
"floff_compressed_super_compact",19,253.106
"floff_compressed_super_compact",20,270.804
"floff_compressed_super_compact",21,246.157
"floff_compressed_super_compact",22,417.901
"floff_compressed_super_compact",23,285.785
"floff_compressed_super_compact",24,292.141
"floff_compressed_super_compact",25,261.993
"floff_compressed_super_compact",26,317.875
"floff_compressed_super_compact",27,280.827
"floff_compressed_super_compact",28,332.258
"floff_compressed_super_compact",29,265.194
"floff_compressed_super_compact",30,384.545
"floff_compressed_super_compact",31,286.03
"floff_compressed_super_compact",32,298.354
"floff_compressed_super_compact",33,289.104
"floff_compressed_super_compact",34,287.995
"floff_compressed_super_compact",35,303.213
"floff_compressed_super_compact",36,371.879
"floff_compressed_super_compact",37,302.486
"floff_compressed_super_compact",38,389.721
"floff_compressed_super_compact",39,300.635
"floff_compressed_super_compact",40,315.602
"floff_compressed_super_compact",41,299.042
"floff_compressed_super_compact",42,319.395
"floff_compressed_super_compact",43,286.693
"floff_compressed_super_compact",44,451.454
"floff_compressed_super_compact",45,329.531
"floff_compressed_super_compact",46,384.795
"floff_compressed_super_compact",47,321.614
"floff_compressed_super_compact",48,318.615
"floff_compressed_super_compact",49,299.396
"floff_compressed_super_compact",50,299.663
"floff_compressed_super_compact",51,345.036
"floff_compressed_super_compact",52,417.654
"floff_compressed_super_compact",53,327.995
"floff_compressed_super_compact",54,399.554
"floff_compressed_super_compact",55,333.682
"floff_compressed_super_compact",56,310.521
"floff_compressed_super_compact",57,334.601
"floff_compressed_super_compact",58,322.636
"floff_compressed_super_compact",59,374.671
"floff_compressed_super_compact",60,412.267
"floff_compressed_super_compact",61,361.952
"floff_compressed_super_compact",62,341.683
"floff_compressed_super_compact",63,331.882
"floff_compressed_super_compact",64,317.773
"floff_compressed_super_compact",65,355.408
"floff_compressed_super_compact",66,339.152
"floff_compressed_super_compact",67,349.057
"floff_compressed_super_compact",68,455.649
"floff_compressed_super_compact",69,346.665
"floff_compressed_super_compact",70,382.094
"floff_compressed_super_compact",71,324.046
"floff_compressed_super_compact",72,370.075
"floff_compressed_super_compact",73,360.811
"floff_compressed_super_compact",74,402.021
"floff_compressed_super_compact",75,333.245
"floff_compressed_super_compact",76,435.036
"floff_compressed_super_compact",77,366.407
"floff_compressed_super_compact",78,440.701
"floff_compressed_super_compact",79,371.683
"floff_compressed_super_compact",80,414.147
"floff_compressed_super_compact",81,373.027
"floff_compressed_super_compact",82,374.397
"floff_compressed_super_compact",83,341.665
"floff_compressed_super_compact",84,468.37
"floff_compressed_super_compact",85,350.006
"floff_compressed_super_compact",86,406.796
"floff_compressed_super_compact",87,413.077
"floff_compressed_super_compact",88,394.071
"floff_compressed_super_compact",89,380.577
"floff_compressed_super_compact",90,385.953
"floff_compressed_super_compact",91,360.055
"floff_compressed_super_compact",92,452.14
"floff_compressed_super_compact",93,378.067
"floff_compressed_super_compact",94,396.369
"floff_compressed_super_compact",95,401.825
"floff_compressed_super_compact",96,362.133
"floff_compressed_super_compact",97,408.985
"floff_compressed_super_compact",98,387.396
"floff_compressed_super_compact",99,390.953
"floff_compressed_super_compact",100,459.703
"floff_compressed_super_compact",101,451.299
"floff_compressed_super_compact",102,419.396
"floff_compressed_super_compact",103,399.63
"floff_compressed_super_compact",104,366.286
"floff_compressed_super_compact",105,417.238
"floff_compressed_super_compact",106,382.18
"floff_compressed_super_compact",107,419.317
"floff_compressed_super_compact",108,433.532
"floff_compressed_super_compact",109,432.102
"floff_compressed_super_compact",110,443.453
"floff_compressed_super_compact",111,408.101
"floff_compressed_super_compact",112,374.667
"floff_compressed_super_compact",113,401.185
"floff_compressed_super_compact",114,411.953
"floff_compressed_super_compact",115,416.035
"floff_compressed_super_compact",116,464.042
"floff_compressed_super_compact",117,385.273
"floff_compressed_super_compact",118,495.624
"floff_compressed_super_compact",119,436.957
"floff_compressed_super_compact",120,404.228
"floff_compressed_super_compact",121,450.238
"floff_compressed_super_compact",122,441.956
"floff_compressed_super_compact",123,422.037
"floff_compressed_super_compact",124,440.587
"floff_compressed_super_compact",125,400.087
"floff_compressed_super_compact",126,517.33
"floff_compressed_super_compact",127,421.164
"floff_compressed_super_compact",128,418.84
"floff_compressed_super_compact",129,518.231
"floff_compressed_super_compact",130,431.007
"floff_compressed_super_compact",131,451.511
"floff_compressed_super_compact",132,452.732
"floff_compressed_super_compact",133,406.026
"floff_compressed_super_compact",134,524.475
"floff_compressed_super_compact",135,424.483
"floff_compressed_super_compact",136,413.504
"floff_compressed_super_compact",137,505.892
"floff_compressed_super_compact",138,412.351
"floff_compressed_super_compact",139,456.154
"floff_compressed_super_compact",140,491.733
"floff_compressed_super_compact",141,416.773
"floff_compressed_super_compact",142,523.909
"floff_compressed_super_compact",143,472.717
"floff_compressed_super_compact",144,429.434
"floff_compressed_super_compact",145,519.036
"floff_compressed_super_compact",146,417.187
"floff_compressed_super_compact",147,461.74
"floff_compressed_super_compact",148,490.952
"floff_compressed_super_compact",149,441.939
"floff_compressed_super_compact",150,457.759
"floff_compressed_super_compact",151,479.591
"floff_compressed_super_compact",152,474.921
"floff_compressed_super_compact",153,485.299
"floff_compressed_super_compact",154,420.842
"floff_compressed_super_compact",155,476.94
"floff_compressed_super_compact",156,511.868
"floff_compressed_super_compact",157,443.213
"floff_compressed_super_compact",158,466.367
"floff_compressed_super_compact",159,468.611
"floff_compressed_super_compact",160,476.811
"floff_compressed_super_compact",161,546.28
"floff_compressed_super_compact",162,468.682
"floff_compressed_super_compact",163,483.483
"floff_compressed_super_compact",164,541.652
"floff_compressed_super_compact",165,458.878
"floff_compressed_super_compact",166,450.081
"floff_compressed_super_compact",167,479.996
"floff_compressed_super_compact",168,493.32
"floff_compressed_super_compact",169,542.678
"floff_compressed_super_compact",170,463.906
"floff_compressed_super_compact",171,591.008
"floff_compressed_super_compact",172,554.429
"floff_compressed_super_compact",173,514.184
"floff_compressed_super_compact",174,477.212
"floff_compressed_super_compact",175,493.113
"floff_compressed_super_compact",176,521.255
"floff_compressed_super_compact",177,594.675
"floff_compressed_super_compact",178,490.147
"floff_compressed_super_compact",179,605.667
"floff_compressed_super_compact",180,529.425
"floff_compressed_super_compact",181,564.742
"floff_compressed_super_compact",182,474.957
"floff_compressed_super_compact",183,503.726
"floff_compressed_super_compact",184,466.425
"floff_compressed_super_compact",185,535.815
"floff_compressed_super_compact",186,483.75
"floff_compressed_super_compact",187,607.668
"floff_compressed_super_compact",188,497.487
"floff_compressed_super_compact",189,533.248
"floff_compressed_super_compact",190,537.566
"floff_compressed_super_compact",191,490.24
"floff_compressed_super_compact",192,466.408
"floff_compressed_super_compact",193,542.073
"floff_compressed_super_compact",194,504.767
"floff_compressed_super_compact",195,656.216
"floff_compressed_super_compact",196,484.741
"floff_compressed_super_compact",197,504.667
"floff_compressed_super_compact",198,571.381
"floff_compressed_super_compact",199,490.212
"floff_compressed_super_compact",200,474.066
"floff_compressed_super_compact",201,585.272
"floff_compressed_super_compact",202,582.337
"floff_compressed_super_compact",203,689.207
"floff_compressed_super_compact",204,507.238
"floff_compressed_super_compact",205,485.821
"floff_compressed_super_compact",206,666.299
"floff_compressed_super_compact",207,507.384
"floff_compressed_super_compact",208,474.678
"floff_compressed_super_compact",209,637.11
"floff_compressed_super_compact",210,574.771
"floff_compressed_super_compact",211,700.253
"floff_compressed_super_compact",212,505.627
"floff_compressed_super_compact",213,485.809
"floff_compressed_super_compact",214,740.781
"floff_compressed_super_compact",215,504.816
"floff_compressed_super_compact",216,482.013
"floff_compressed_super_compact",217,599.266
"floff_compressed_super_compact",218,550.006
"floff_compressed_super_compact",219,676.348
"floff_compressed_super_compact",220,517.368
"floff_compressed_super_compact",221,496.234
"floff_compressed_super_compact",222,744.637
"floff_compressed_super_compact",223,599.998
"floff_compressed_super_compact",224,495.429
"floff_compressed_super_compact",225,654.614
"floff_compressed_super_compact",226,501.383
"floff_compressed_super_compact",227,744.248
"floff_compressed_super_compact",228,510.531
"floff_compressed_super_compact",229,504.097
"floff_compressed_super_compact",230,653.19
"floff_compressed_super_compact",231,669.54
"floff_compressed_super_compact",232,499.193
"floff_compressed_super_compact",233,607.231
"floff_compressed_super_compact",234,509.378
"floff_compressed_super_compact",235,752.237
"floff_compressed_super_compact",236,512.778
"floff_compressed_super_compact",237,506.783
"floff_compressed_super_compact",238,660.9
"floff_compressed_super_compact",239,622.081
"floff_compressed_super_compact",240,511.496
"floff_compressed_super_compact",241,572.387
"floff_compressed_super_compact",242,572.754
"floff_compressed_super_compact",243,660.372
"floff_compressed_super_compact",244,532.165
"floff_compressed_super_compact",245,514.101
"floff_compressed_super_compact",246,954.039
"floff_compressed_super_compact",247,535.55
"floff_compressed_super_compact",248,514.314
"floff_compressed_super_compact",249,554.206
"floff_compressed_super_compact",250,521.034
"floff_compressed_super_compact",251,684.547
"floff_compressed_super_compact",252,626.674
"floff_compressed_super_compact",253,519.3
"floff_compressed_super_compact",254,971.329
"floff_compressed_super_compact",255,531.395
"floff_compressed_super_compact",256,530.975
"floff_compressed_super_compact",257,559.442
"floff_compressed_super_compact",258,529.251
"floff_compressed_super_compact",259,731.418
"floff_compressed_super_compact",260,649.961
"floff_compressed_super_compact",261,530.998
"floff_compressed_super_compact",262,803.967
"floff_compressed_super_compact",263,538.555
"floff_compressed_super_compact",264,515.77
"floff_compressed_super_compact",265,545.342
"floff_compressed_super_compact",266,533.888
"floff_compressed_super_compact",267,747.587
"floff_compressed_super_compact",268,702.157
"floff_compressed_super_compact",269,532.379
"floff_compressed_super_compact",270,776.076
"floff_compressed_super_compact",271,534.507
"floff_compressed_super_compact",272,545.546
"floff_compressed_super_compact",273,570.526
"floff_compressed_super_compact",274,538.223
"floff_compressed_super_compact",275,770.479
"floff_compressed_super_compact",276,688.579
"floff_compressed_super_compact",277,533.635
"floff_compressed_super_compact",278,836.593
"floff_compressed_super_compact",279,540.564
"floff_compressed_super_compact",280,570.495
"floff_compressed_super_compact",281,556.485
"floff_compressed_super_compact",282,541.715
"floff_compressed_super_compact",283,779.642
"floff_compressed_super_compact",284,668.81
"floff_compressed_super_compact",285,536.551
"floff_compressed_super_compact",286,877.003
"floff_compressed_super_compact",287,549.907
"floff_compressed_super_compact",288,574.343
"floff_compressed_super_compact",289,556.267
"floff_compressed_super_compact",290,546.744
"floff_compressed_super_compact",291,784.681
"floff_compressed_super_compact",292,624.115
"floff_compressed_super_compact",293,546.866
"floff_compressed_super_compact",294,925.337
"floff_compressed_super_compact",295,552.867
"floff_compressed_super_compact",296,607.687
"floff_compressed_super_compact",297,627.837
"floff_compressed_super_compact",298,550.692
"floff_compressed_super_compact",299,739.579
"floff_compressed_super_compact",300,617.578
"floff_compressed_super_compact",301,582.401
"floff_compressed_super_compact",302,806.255
"floff_compressed_super_compact",303,624.154
"floff_compressed_super_compact",304,645.917
"floff_compressed_super_compact",305,674.717
"floff_compressed_super_compact",306,555.28
"floff_compressed_super_compact",307,790.647
"floff_compressed_super_compact",308,567.675
"floff_compressed_super_compact",309,572.746
"floff_compressed_super_compact",310,718.636
"floff_compressed_super_compact",311,568.342
"floff_compressed_super_compact",312,672.696
"floff_compressed_super_compact",313,681.502
"floff_compressed_super_compact",314,587.239
"floff_compressed_super_compact",315,1016.04
"floff_compressed_super_compact",316,589.667
"floff_compressed_super_compact",317,569.765
"floff_compressed_super_compact",318,709.616
"floff_compressed_super_compact",319,608.264
"floff_compressed_super_compact",320,704.925
"floff_compressed_super_compact",321,659.404
"floff_compressed_super_compact",322,612.257
"floff_compressed_super_compact",323,1058.6
"floff_compressed_super_compact",324,580.896
"floff_compressed_super_compact",325,581.08
"floff_compressed_super_compact",326,726.867
"floff_compressed_super_compact",327,566.748
"floff_compressed_super_compact",328,676.062
"floff_compressed_super_compact",329,595.751
"floff_compressed_super_compact",330,583.518
"floff_compressed_super_compact",331,975.963
"floff_compressed_super_compact",332,570.116
"floff_compressed_super_compact",333,571.779
"floff_compressed_super_compact",334,729.27
"floff_compressed_super_compact",335,598.346
"floff_compressed_super_compact",336,649.513
"floff_compressed_super_compact",337,590.365
"floff_compressed_super_compact",338,580.599
"floff_compressed_super_compact",339,851.84
"floff_compressed_super_compact",340,579.961
"floff_compressed_super_compact",341,654.396
"floff_compressed_super_compact",342,783.06
"floff_compressed_super_compact",343,617.045
"floff_compressed_super_compact",344,634.097
"floff_compressed_super_compact",345,597.421
"floff_compressed_super_compact",346,582.113
"floff_compressed_super_compact",347,788.091
"floff_compressed_super_compact",348,610.151
"floff_compressed_super_compact",349,738.274
"floff_compressed_super_compact",350,783.836
"floff_compressed_super_compact",351,583.469
"floff_compressed_super_compact",352,667.471
"floff_compressed_super_compact",353,623.746
"floff_compressed_super_compact",354,580.251
"floff_compressed_super_compact",355,789.163
"floff_compressed_super_compact",356,606.823
"floff_compressed_super_compact",357,818.265
"floff_compressed_super_compact",358,800.078
"floff_compressed_super_compact",359,613.206
"floff_compressed_super_compact",360,669.766
"floff_compressed_super_compact",361,597.184
"floff_compressed_super_compact",362,592.459
"floff_compressed_super_compact",363,701.969
"floff_compressed_super_compact",364,602.501
"floff_compressed_super_compact",365,806.387
"floff_compressed_super_compact",366,750.423
"floff_compressed_super_compact",367,589.236
"floff_compressed_super_compact",368,655.535
"floff_compressed_super_compact",369,615.138
"floff_compressed_super_compact",370,587.277
"floff_compressed_super_compact",371,656.684
"floff_compressed_super_compact",372,595.601
"floff_compressed_super_compact",373,764.707
"floff_compressed_super_compact",374,713.109
"floff_compressed_super_compact",375,594.517
"floff_compressed_super_compact",376,706.582
"floff_compressed_super_compact",377,636.905
"floff_compressed_super_compact",378,618.199
"floff_compressed_super_compact",379,614.192
"floff_compressed_super_compact",380,597.326
"floff_compressed_super_compact",381,847.298
"floff_compressed_super_compact",382,698.029
"floff_compressed_super_compact",383,594.992
"floff_compressed_super_compact",384,821.818
"floff_compressed_super_compact",385,615.109
"floff_compressed_super_compact",386,678.965
"floff_compressed_super_compact",387,610.436
"floff_compressed_super_compact",388,642.684
"floff_compressed_super_compact",389,774.51
"floff_compressed_super_compact",390,800.401
"floff_compressed_super_compact",391,654.663
"floff_compressed_super_compact",392,999.847
"floff_compressed_super_compact",393,638.004
"floff_compressed_super_compact",394,829.13
"floff_compressed_super_compact",395,654.865
"floff_compressed_super_compact",396,634.69
"floff_compressed_super_compact",397,1118.62
"floff_compressed_super_compact",398,1062.23
"floff_compressed_super_compact",399,672.641
"floff_compressed_super_compact",400,850.523
"floff_compressed_super_compact",401,677.576
"floff_compressed_super_compact",402,670.166
"floff_compressed_super_compact",403,619.66
"floff_compressed_super_compact",404,608.956
"floff_compressed_super_compact",405,966.455
"floff_compressed_super_compact",406,967.653
"floff_compressed_super_compact",407,603.203
"floff_compressed_super_compact",408,729.365
"floff_compressed_super_compact",409,682.244
"floff_compressed_super_compact",410,650.618
"floff_compressed_super_compact",411,635.762
"floff_compressed_super_compact",412,658.07
"floff_compressed_super_compact",413,958.933
"floff_compressed_super_compact",414,885.615
"floff_compressed_super_compact",415,660.827
"floff_compressed_super_compact",416,731.276
"floff_compressed_super_compact",417,649.165
"floff_compressed_super_compact",418,746.904
"floff_compressed_super_compact",419,762.172
"floff_compressed_super_compact",420,610.55
"floff_compressed_super_compact",421,1067.4
"floff_compressed_super_compact",422,776.084
"floff_compressed_super_compact",423,671.733
"floff_compressed_super_compact",424,728.384
"floff_compressed_super_compact",425,620.171
"floff_compressed_super_compact",426,658.62
"floff_compressed_super_compact",427,697.219
"floff_compressed_super_compact",428,611.96
"floff_compressed_super_compact",429,836.15
"floff_compressed_super_compact",430,774.29
"floff_compressed_super_compact",431,651.358
"floff_compressed_super_compact",432,785.998
"floff_compressed_super_compact",433,608.926
"floff_compressed_super_compact",434,649.525
"floff_compressed_super_compact",435,652.661
"floff_compressed_super_compact",436,635.371
"floff_compressed_super_compact",437,848.936
"floff_compressed_super_compact",438,690.347
"floff_compressed_super_compact",439,688.351
"floff_compressed_super_compact",440,775.766
"floff_compressed_super_compact",441,608.268
"floff_compressed_super_compact",442,728.953
"floff_compressed_super_compact",443,712.063
"floff_compressed_super_compact",444,678.139
"floff_compressed_super_compact",445,834.686
"floff_compressed_super_compact",446,692.575
"floff_compressed_super_compact",447,726.279
"floff_compressed_super_compact",448,723.592
"floff_compressed_super_compact",449,617.532
"floff_compressed_super_compact",450,663.477
"floff_compressed_super_compact",451,720.102
"floff_compressed_super_compact",452,664.458
"floff_compressed_super_compact",453,734.048
"floff_compressed_super_compact",454,635.247
"floff_compressed_super_compact",455,693.795
"floff_compressed_super_compact",456,757.904
"floff_compressed_super_compact",457,626.38
"floff_compressed_super_compact",458,633.079
"floff_compressed_super_compact",459,752.859
"floff_compressed_super_compact",460,726.336
"floff_compressed_super_compact",461,688.592
"floff_compressed_super_compact",462,636.457
"floff_compressed_super_compact",463,682.672
"floff_compressed_super_compact",464,843.136
"floff_compressed_super_compact",465,675.297
"floff_compressed_super_compact",466,727.725
"floff_compressed_super_compact",467,758.43
"floff_compressed_super_compact",468,694.397
"floff_compressed_super_compact",469,754.37
"floff_compressed_super_compact",470,634.397
"floff_compressed_super_compact",471,693.62
"floff_compressed_super_compact",472,797.23
"floff_compressed_super_compact",473,701.935
"floff_compressed_super_compact",474,762.132
"floff_compressed_super_compact",475,692.983
"floff_compressed_super_compact",476,719.327
"floff_compressed_super_compact",477,781.742
"floff_compressed_super_compact",478,631.382
"floff_compressed_super_compact",479,665.579
"floff_compressed_super_compact",480,742.881
"floff_compressed_super_compact",481,702.017
"floff_compressed_super_compact",482,763.021
"floff_compressed_super_compact",483,653.378
"floff_compressed_super_compact",484,695.372
"floff_compressed_super_compact",485,787.228
"floff_compressed_super_compact",486,702.557
"floff_compressed_super_compact",487,660.876
"floff_compressed_super_compact",488,809.412
"floff_compressed_super_compact",489,737.126
"floff_compressed_super_compact",490,855.295
"floff_compressed_super_compact",491,687.091
"floff_compressed_super_compact",492,693.932
"floff_compressed_super_compact",493,760.194
"floff_compressed_super_compact",494,694.679
"floff_compressed_super_compact",495,633.557
"floff_compressed_super_compact",496,813.878
"floff_compressed_super_compact",497,690.059
"floff_compressed_super_compact",498,858.06
"floff_compressed_super_compact",499,642.16
"floff_compressed_super_compact",500,651.67
"floff_compressed_super_compact",501,711.393
"floff_compressed_super_compact",502,737.383
"floff_compressed_super_compact",503,637.276
"floff_compressed_super_compact",504,795.009
"floff_compressed_super_compact",505,706.989
"floff_compressed_super_compact",506,915.828
"floff_compressed_super_compact",507,698.794
"floff_compressed_super_compact",508,638.473
"floff_compressed_super_compact",509,644.619
"floff_compressed_super_compact",510,727.349
"floff_compressed_super_compact",511,647.274
"floff_compressed_super_compact",512,944.941
"floff_compressed_super_compact",513,710.979
"floff_compressed_super_compact",514,928.243
"floff_compressed_super_compact",515,691.735
"floff_compressed_super_compact",516,639.377
"floff_compressed_super_compact",517,695.426
"floff_compressed_super_compact",518,723.774
"floff_compressed_super_compact",519,671.161
"floff_compressed_super_compact",520,984.083
"floff_compressed_super_compact",521,663.253
"floff_compressed_super_compact",522,997.076
"floff_compressed_super_compact",523,691.784
"floff_compressed_super_compact",524,641.077
"floff_compressed_super_compact",525,666.692
"floff_compressed_super_compact",526,695.781
"floff_compressed_super_compact",527,710.159
"floff_compressed_super_compact",528,948.333
"floff_compressed_super_compact",529,645.203
"floff_compressed_super_compact",530,955.154
"floff_compressed_super_compact",531,747.703
"floff_compressed_super_compact",532,684.904
"floff_compressed_super_compact",533,646.008
"floff_compressed_super_compact",534,740.463
"floff_compressed_super_compact",535,664.604
"floff_compressed_super_compact",536,1077.61
"floff_compressed_super_compact",537,642.439
"floff_compressed_super_compact",538,829.447
"floff_compressed_super_compact",539,693.721
"floff_compressed_super_compact",540,686.974
"floff_compressed_super_compact",541,658.883
"floff_compressed_super_compact",542,685.876
"floff_compressed_super_compact",543,679.896
"floff_compressed_super_compact",544,1149.29
"floff_compressed_super_compact",545,676.881
"floff_compressed_super_compact",546,860.944
"floff_compressed_super_compact",547,699.672
"floff_compressed_super_compact",548,672.04
"floff_compressed_super_compact",549,706.328
"floff_compressed_super_compact",550,646.531
"floff_compressed_super_compact",551,695.285
"floff_compressed_super_compact",552,1097.65
"floff_compressed_super_compact",553,678.804
"floff_compressed_super_compact",554,758.511
"floff_compressed_super_compact",555,717.901
"floff_compressed_super_compact",556,668.653
"floff_compressed_super_compact",557,760.545
"floff_compressed_super_compact",558,647.951
"floff_compressed_super_compact",559,698.863
"floff_compressed_super_compact",560,973.617
"floff_compressed_super_compact",561,668.482
"floff_compressed_super_compact",562,743.376
"floff_compressed_super_compact",563,694.065
"floff_compressed_super_compact",564,719.104
"floff_compressed_super_compact",565,702.047
"floff_compressed_super_compact",566,645.12
"floff_compressed_super_compact",567,747.088
"floff_compressed_super_compact",568,847.332
"floff_compressed_super_compact",569,680.265
"floff_compressed_super_compact",570,716.455
"floff_compressed_super_compact",571,682.068
"floff_compressed_super_compact",572,697.966
"floff_compressed_super_compact",573,730.05
"floff_compressed_super_compact",574,668.494
"floff_compressed_super_compact",575,768.43
"floff_compressed_super_compact",576,762.783
"floff_compressed_super_compact",577,664.814
"floff_compressed_super_compact",578,762.825
"floff_compressed_super_compact",579,711.482
"floff_compressed_super_compact",580,714.727
"floff_compressed_super_compact",581,747.914
"floff_compressed_super_compact",582,709.911
"floff_compressed_super_compact",583,773.516
"floff_compressed_super_compact",584,700.26
"floff_compressed_super_compact",585,687.787
"floff_compressed_super_compact",586,732.192
"floff_compressed_super_compact",587,769.928
"floff_compressed_super_compact",588,706.437
"floff_compressed_super_compact",589,702.108
"floff_compressed_super_compact",590,678.476
"floff_compressed_super_compact",591,930.209
"floff_compressed_super_compact",592,724.062
"floff_compressed_super_compact",593,690.295
"floff_compressed_super_compact",594,702.061
"floff_compressed_super_compact",595,770.01
"floff_compressed_super_compact",596,664.803
"floff_compressed_super_compact",597,660.413
"floff_compressed_super_compact",598,690.792
"floff_compressed_super_compact",599,960.318
"floff_compressed_super_compact",600,669.651
"floff_compressed_super_compact",601,702.674
"floff_compressed_super_compact",602,795.656
"floff_compressed_super_compact",603,970.287
"floff_compressed_super_compact",604,649.498
"floff_compressed_super_compact",605,655.958
"floff_compressed_super_compact",606,705.34
"floff_compressed_super_compact",607,904.239
"floff_compressed_super_compact",608,636.123
"floff_compressed_super_compact",609,712.511
"floff_compressed_super_compact",610,761.287
"floff_compressed_super_compact",611,1111.26
"floff_compressed_super_compact",612,706.823
"floff_compressed_super_compact",613,707.554
"floff_compressed_super_compact",614,803.2
"floff_compressed_super_compact",615,913.301
"floff_compressed_super_compact",616,662.032
"floff_compressed_super_compact",617,750.201
"floff_compressed_super_compact",618,750.927
"floff_compressed_super_compact",619,984.053
"floff_compressed_super_compact",620,647.527
"floff_compressed_super_compact",621,685.655
"floff_compressed_super_compact",622,822.36
"floff_compressed_super_compact",623,960.987
"floff_compressed_super_compact",624,677.912
"floff_compressed_super_compact",625,682.911
"floff_compressed_super_compact",626,696.271
"floff_compressed_super_compact",627,895.013
"floff_compressed_super_compact",628,701.561
"floff_compressed_super_compact",629,653.472
"floff_compressed_super_compact",630,823.823
"floff_compressed_super_compact",631,1223.3
"floff_compressed_super_compact",632,650.737
"floff_compressed_super_compact",633,651.659
"floff_compressed_super_compact",634,667.666
"floff_compressed_super_compact",635,799.607
"floff_compressed_super_compact",636,748.422
"floff_compressed_super_compact",637,675.261
"floff_compressed_super_compact",638,1076.2
"floff_compressed_super_compact",639,964.871
"floff_compressed_super_compact",640,640.212
"floff_compressed_super_compact",641,659.076
"floff_compressed_super_compact",642,675.329
"floff_compressed_super_compact",643,888.839
"floff_compressed_super_compact",644,722.895
"floff_compressed_super_compact",645,653.96
"floff_compressed_super_compact",646,1000.11
"floff_compressed_super_compact",647,949.019
"floff_compressed_super_compact",648,647.902
"floff_compressed_super_compact",649,687.564
"floff_compressed_super_compact",650,660.031
"floff_compressed_super_compact",651,861.931
"floff_compressed_super_compact",652,837.627
"floff_compressed_super_compact",653,649.65
"floff_compressed_super_compact",654,980.943
"floff_compressed_super_compact",655,838.726
"floff_compressed_super_compact",656,681.491
"floff_compressed_super_compact",657,723.946
"floff_compressed_super_compact",658,660.449
"floff_compressed_super_compact",659,752.798
"floff_compressed_super_compact",660,870.648
"floff_compressed_super_compact",661,656.006
"floff_compressed_super_compact",662,950.884
"floff_compressed_super_compact",663,782
"floff_compressed_super_compact",664,774.284
"floff_compressed_super_compact",665,667.89
"floff_compressed_super_compact",666,660.027
"floff_compressed_super_compact",667,717.202
"floff_compressed_super_compact",668,894.143
"floff_compressed_super_compact",669,655.433
"floff_compressed_super_compact",670,976.755
"floff_compressed_super_compact",671,700.996
"floff_compressed_super_compact",672,817.786
"floff_compressed_super_compact",673,670.805
"floff_compressed_super_compact",674,663.877
"floff_compressed_super_compact",675,733.651
"floff_compressed_super_compact",676,958.048
"floff_compressed_super_compact",677,667.544
"floff_compressed_super_compact",678,912.272
"floff_compressed_super_compact",679,735.985
"floff_compressed_super_compact",680,786.677
"floff_compressed_super_compact",681,666.358
"floff_compressed_super_compact",682,659.693
"floff_compressed_super_compact",683,681.973
"floff_compressed_super_compact",684,835.754
"floff_compressed_super_compact",685,720.63
"floff_compressed_super_compact",686,917.593
"floff_compressed_super_compact",687,810.292
"floff_compressed_super_compact",688,792.36
"floff_compressed_super_compact",689,666.617
"floff_compressed_super_compact",690,662.004
"floff_compressed_super_compact",691,773.789
"floff_compressed_super_compact",692,686.527
"floff_compressed_super_compact",693,688.717
"floff_compressed_super_compact",694,862.59
"floff_compressed_super_compact",695,966.998
"floff_compressed_super_compact",696,843.834
"floff_compressed_super_compact",697,702.257
"floff_compressed_super_compact",698,661.497
"floff_compressed_super_compact",699,747.827
"floff_compressed_super_compact",700,706.044
"floff_compressed_super_compact",701,676.453
"floff_compressed_super_compact",702,931.66
"floff_compressed_super_compact",703,922.31
"floff_compressed_super_compact",704,876.606
"floff_compressed_super_compact",705,700.929
"floff_compressed_super_compact",706,684.315
"floff_compressed_super_compact",707,744.835
"floff_compressed_super_compact",708,674.107
"floff_compressed_super_compact",709,662.38
"floff_compressed_super_compact",710,898.766
"floff_compressed_super_compact",711,903.033
"floff_compressed_super_compact",712,1048.11
"floff_compressed_super_compact",713,672.396
"floff_compressed_super_compact",714,698.848
"floff_compressed_super_compact",715,671.954
"floff_compressed_super_compact",716,726.779
"floff_compressed_super_compact",717,663.862
"floff_compressed_super_compact",718,974.1
"floff_compressed_super_compact",719,835.263
"floff_compressed_super_compact",720,931.978
"floff_compressed_super_compact",721,668.577
"floff_compressed_super_compact",722,702.048
"floff_compressed_super_compact",723,674.358
"floff_compressed_super_compact",724,837.897
"floff_compressed_super_compact",725,689.979
"floff_compressed_super_compact",726,958.365
"floff_compressed_super_compact",727,801.213
"floff_compressed_super_compact",728,921.605
"floff_compressed_super_compact",729,681.39
"floff_compressed_super_compact",730,665.144
"floff_compressed_super_compact",731,698.244
"floff_compressed_super_compact",732,978.643
"floff_compressed_super_compact",733,689.614
"floff_compressed_super_compact",734,931.465
"floff_compressed_super_compact",735,781.443
"floff_compressed_super_compact",736,850.893
"floff_compressed_super_compact",737,675.029
"floff_compressed_super_compact",738,678.355
"floff_compressed_super_compact",739,679.617
"floff_compressed_super_compact",740,878.725
"floff_compressed_super_compact",741,665.316
"floff_compressed_super_compact",742,878.896
"floff_compressed_super_compact",743,708.998
"floff_compressed_super_compact",744,825.018
"floff_compressed_super_compact",745,700.996
"floff_compressed_super_compact",746,721.413
"floff_compressed_super_compact",747,728.065
"floff_compressed_super_compact",748,917.398
"floff_compressed_super_compact",749,646.223
"floff_compressed_super_compact",750,847.956
"floff_compressed_super_compact",751,677.342
"floff_compressed_super_compact",752,818.474
"floff_compressed_super_compact",753,690.264
"floff_compressed_super_compact",754,674.756
"floff_compressed_super_compact",755,696.482
"floff_compressed_super_compact",756,937.583
"floff_compressed_super_compact",757,653.677
"floff_compressed_super_compact",758,832.722
"floff_compressed_super_compact",759,688.017
"floff_compressed_super_compact",760,763.767
"floff_compressed_super_compact",761,751.96
"floff_compressed_super_compact",762,654.148
"floff_compressed_super_compact",763,758.347
"floff_compressed_super_compact",764,978.081
"floff_compressed_super_compact",765,694.816
"floff_compressed_super_compact",766,858.353
"floff_compressed_super_compact",767,687.365
"floff_compressed_super_compact",768,744.61
"floff_compressed_super_compact",769,752.381
"floff_compressed_super_compact",770,686.685
"Ryu-printf",1,78.4198
"Ryu-printf",2,83.3659
"Ryu-printf",3,143.126
"Ryu-printf",4,114.117
"Ryu-printf",5,81.2342
"Ryu-printf",6,82.2671
"Ryu-printf",7,84.3967
"Ryu-printf",8,97.6108
"Ryu-printf",9,83.5865
"Ryu-printf",10,92.7622
"Ryu-printf",11,141.95
"Ryu-printf",12,140.102
"Ryu-printf",13,93.9576
"Ryu-printf",14,98.6131
"Ryu-printf",15,92.8502
"Ryu-printf",16,97.0491
"Ryu-printf",17,95.0876
"Ryu-printf",18,97.7875
"Ryu-printf",19,151.862
"Ryu-printf",20,145.907
"Ryu-printf",21,112.766
"Ryu-printf",22,99.8549
"Ryu-printf",23,109.656
"Ryu-printf",24,108.074
"Ryu-printf",25,116.605
"Ryu-printf",26,103.027
"Ryu-printf",27,158.2
"Ryu-printf",28,133.506
"Ryu-printf",29,117.462
"Ryu-printf",30,122.557
"Ryu-printf",31,124.105
"Ryu-printf",32,118.697
"Ryu-printf",33,126.326
"Ryu-printf",34,109.616
"Ryu-printf",35,147.361
"Ryu-printf",36,124.606
"Ryu-printf",37,120.398
"Ryu-printf",38,120.928
"Ryu-printf",39,117.903
"Ryu-printf",40,122.038
"Ryu-printf",41,155.813
"Ryu-printf",42,134.305
"Ryu-printf",43,201.93
"Ryu-printf",44,127.885
"Ryu-printf",45,135.56
"Ryu-printf",46,131.319
"Ryu-printf",47,135.491
"Ryu-printf",48,124.151
"Ryu-printf",49,185.795
"Ryu-printf",50,137
"Ryu-printf",51,158.861
"Ryu-printf",52,158.136
"Ryu-printf",53,146.442
"Ryu-printf",54,134.265
"Ryu-printf",55,132.651
"Ryu-printf",56,146.998
"Ryu-printf",57,186.611
"Ryu-printf",58,149.012
"Ryu-printf",59,186.488
"Ryu-printf",60,149.485
"Ryu-printf",61,151.652
"Ryu-printf",62,153.005
"Ryu-printf",63,144.096
"Ryu-printf",64,167.211
"Ryu-printf",65,192.743
"Ryu-printf",66,166.17
"Ryu-printf",67,198.343
"Ryu-printf",68,157.878
"Ryu-printf",69,149.923
"Ryu-printf",70,176.986
"Ryu-printf",71,168.952
"Ryu-printf",72,170.505
"Ryu-printf",73,225.432
"Ryu-printf",74,173.07
"Ryu-printf",75,209.627
"Ryu-printf",76,156.512
"Ryu-printf",77,167.202
"Ryu-printf",78,168.557
"Ryu-printf",79,181.962
"Ryu-printf",80,168.881
"Ryu-printf",81,238.872
"Ryu-printf",82,170.084
"Ryu-printf",83,237.387
"Ryu-printf",84,165.04
"Ryu-printf",85,202.203
"Ryu-printf",86,176.356
"Ryu-printf",87,173.713
"Ryu-printf",88,186.349
"Ryu-printf",89,238.043
"Ryu-printf",90,167.855
"Ryu-printf",91,238.525
"Ryu-printf",92,194.76
"Ryu-printf",93,195.615
"Ryu-printf",94,189.129
"Ryu-printf",95,194.172
"Ryu-printf",96,171.614
"Ryu-printf",97,234.512
"Ryu-printf",98,185.469
"Ryu-printf",99,246.076
"Ryu-printf",100,195.308
"Ryu-printf",101,195.643
"Ryu-printf",102,189.621
"Ryu-printf",103,200.954
"Ryu-printf",104,188.951
"Ryu-printf",105,227.325
"Ryu-printf",106,217.338
"Ryu-printf",107,289.473
"Ryu-printf",108,200.421
"Ryu-printf",109,186.36
"Ryu-printf",110,191.314
"Ryu-printf",111,198.586
"Ryu-printf",112,203.641
"Ryu-printf",113,244.259
"Ryu-printf",114,209.328
"Ryu-printf",115,309.983
"Ryu-printf",116,224.009
"Ryu-printf",117,188.619
"Ryu-printf",118,195.555
"Ryu-printf",119,210.283
"Ryu-printf",120,201.504
"Ryu-printf",121,258.885
"Ryu-printf",122,196.979
"Ryu-printf",123,314.53
"Ryu-printf",124,224.156
"Ryu-printf",125,225.768
"Ryu-printf",126,214.001
"Ryu-printf",127,235.499
"Ryu-printf",128,223.302
"Ryu-printf",129,265.197
"Ryu-printf",130,205.219
"Ryu-printf",131,319.091
"Ryu-printf",132,221.389
"Ryu-printf",133,220.335
"Ryu-printf",134,220.718
"Ryu-printf",135,229.821
"Ryu-printf",136,244.743
"Ryu-printf",137,311.125
"Ryu-printf",138,209.965
"Ryu-printf",139,340.268
"Ryu-printf",140,237.257
"Ryu-printf",141,223.569
"Ryu-printf",142,230.87
"Ryu-printf",143,223.931
"Ryu-printf",144,250.766
"Ryu-printf",145,320.131
"Ryu-printf",146,233.962
"Ryu-printf",147,271.776
"Ryu-printf",148,245.435
"Ryu-printf",149,229.075
"Ryu-printf",150,239.837
"Ryu-printf",151,230.637
"Ryu-printf",152,266.817
"Ryu-printf",153,333.393
"Ryu-printf",154,242.198
"Ryu-printf",155,282.651
"Ryu-printf",156,246.911
"Ryu-printf",157,257.353
"Ryu-printf",158,263.582
"Ryu-printf",159,235.592
"Ryu-printf",160,243.363
"Ryu-printf",161,309.735
"Ryu-printf",162,244.093
"Ryu-printf",163,264.365
"Ryu-printf",164,245.37
"Ryu-printf",165,278.352
"Ryu-printf",166,289.274
"Ryu-printf",167,268.485
"Ryu-printf",168,246.554
"Ryu-printf",169,338.795
"Ryu-printf",170,249.857
"Ryu-printf",171,252.045
"Ryu-printf",172,238.887
"Ryu-printf",173,265.497
"Ryu-printf",174,292.894
"Ryu-printf",175,250.469
"Ryu-printf",176,291.159
"Ryu-printf",177,371.627
"Ryu-printf",178,267.97
"Ryu-printf",179,260.584
"Ryu-printf",180,244.622
"Ryu-printf",181,260.085
"Ryu-printf",182,287.023
"Ryu-printf",183,259.608
"Ryu-printf",184,286.104
"Ryu-printf",185,318.993
"Ryu-printf",186,296.462
"Ryu-printf",187,262.69
"Ryu-printf",188,264.171
"Ryu-printf",189,270.316
"Ryu-printf",190,333.054
"Ryu-printf",191,266.288
"Ryu-printf",192,309.02
"Ryu-printf",193,286.303
"Ryu-printf",194,276.705
"Ryu-printf",195,289.265
"Ryu-printf",196,266.024
"Ryu-printf",197,253.811
"Ryu-printf",198,282.643
"Ryu-printf",199,279.003
"Ryu-printf",200,329.298
"Ryu-printf",201,281.102
"Ryu-printf",202,274.638
"Ryu-printf",203,323.165
"Ryu-printf",204,273.321
"Ryu-printf",205,257.833
"Ryu-printf",206,293.524
"Ryu-printf",207,300.969
"Ryu-printf",208,342.243
"Ryu-printf",209,280.249
"Ryu-printf",210,265.135
"Ryu-printf",211,391.933
"Ryu-printf",212,278.41
"Ryu-printf",213,267.29
"Ryu-printf",214,338.432
"Ryu-printf",215,315.506
"Ryu-printf",216,317.83
"Ryu-printf",217,279.221
"Ryu-printf",218,266.552
"Ryu-printf",219,394.282
"Ryu-printf",220,280.908
"Ryu-printf",221,266.042
"Ryu-printf",222,352.932
"Ryu-printf",223,289.835
"Ryu-printf",224,338.09
"Ryu-printf",225,287.396
"Ryu-printf",226,273.778
"Ryu-printf",227,396.364
"Ryu-printf",228,332.612
"Ryu-printf",229,274.541
"Ryu-printf",230,374.378
"Ryu-printf",231,286
"Ryu-printf",232,319.672
"Ryu-printf",233,281.773
"Ryu-printf",234,273.477
"Ryu-printf",235,411.842
"Ryu-printf",236,351.341
"Ryu-printf",237,276.907
"Ryu-printf",238,353.012
"Ryu-printf",239,280.66
"Ryu-printf",240,316.916
"Ryu-printf",241,302.105
"Ryu-printf",242,281.256
"Ryu-printf",243,441.53
"Ryu-printf",244,360.596
"Ryu-printf",245,280.056
"Ryu-printf",246,367.95
"Ryu-printf",247,286.828
"Ryu-printf",248,334.51
"Ryu-printf",249,283.953
"Ryu-printf",250,282.908
"Ryu-printf",251,495.813
"Ryu-printf",252,337.249
"Ryu-printf",253,285.482
"Ryu-printf",254,360.401
"Ryu-printf",255,289.037
"Ryu-printf",256,376.272
"Ryu-printf",257,297.907
"Ryu-printf",258,286.09
"Ryu-printf",259,417.024
"Ryu-printf",260,332.711
"Ryu-printf",261,288.892
"Ryu-printf",262,339.133
"Ryu-printf",263,288.947
"Ryu-printf",264,403.779
"Ryu-printf",265,329.32
"Ryu-printf",266,288.386
"Ryu-printf",267,395.252
"Ryu-printf",268,296.055
"Ryu-printf",269,290.573
"Ryu-printf",270,319.245
"Ryu-printf",271,291.099
"Ryu-printf",272,477.027
"Ryu-printf",273,365.442
"Ryu-printf",274,300.216
"Ryu-printf",275,426.215
"Ryu-printf",276,298.521
"Ryu-printf",277,293.522
"Ryu-printf",278,300.554
"Ryu-printf",279,304.72
"Ryu-printf",280,490.696
"Ryu-printf",281,374.482
"Ryu-printf",282,293.755
"Ryu-printf",283,513.262
"Ryu-printf",284,305.302
"Ryu-printf",285,313.121
"Ryu-printf",286,306.061
"Ryu-printf",287,296.652
"Ryu-printf",288,437.04
"Ryu-printf",289,405.521
"Ryu-printf",290,297.119
"Ryu-printf",291,514.246
"Ryu-printf",292,305.318
"Ryu-printf",293,317.303
"Ryu-printf",294,331.369
"Ryu-printf",295,294.526
"Ryu-printf",296,467.357
"Ryu-printf",297,343.883
"Ryu-printf",298,307.166
"Ryu-printf",299,443.22
"Ryu-printf",300,302.679
"Ryu-printf",301,308.665
"Ryu-printf",302,321.787
"Ryu-printf",303,302.251
"Ryu-printf",304,419.314
"Ryu-printf",305,314.476
"Ryu-printf",306,322.939
"Ryu-printf",307,405.086
"Ryu-printf",308,305.502
"Ryu-printf",309,336.806
"Ryu-printf",310,381.636
"Ryu-printf",311,304.998
"Ryu-printf",312,492.581
"Ryu-printf",313,329.881
"Ryu-printf",314,312.004
"Ryu-printf",315,423.803
"Ryu-printf",316,307.214
"Ryu-printf",317,374.765
"Ryu-printf",318,358.68
"Ryu-printf",319,337.29
"Ryu-printf",320,525.766
"Ryu-printf",321,321.48
"Ryu-printf",322,326.627
"Ryu-printf",323,417.776
"Ryu-printf",324,328.05
"Ryu-printf",325,380.783
"Ryu-printf",326,376.073
"Ryu-printf",327,373.709
"Ryu-printf",328,487.969
"Ryu-printf",329,313.092
"Ryu-printf",330,315.056
"Ryu-printf",331,444.163
"Ryu-printf",332,310.913
"Ryu-printf",333,404.594
"Ryu-printf",334,368.667
"Ryu-printf",335,320.248
"Ryu-printf",336,417.77
"Ryu-printf",337,316.779
"Ryu-printf",338,315.255
"Ryu-printf",339,487.077
"Ryu-printf",340,348.35
"Ryu-printf",341,389.75
"Ryu-printf",342,330.01
"Ryu-printf",343,319.467
"Ryu-printf",344,447.68
"Ryu-printf",345,320.776
"Ryu-printf",346,332.501
"Ryu-printf",347,539.934
"Ryu-printf",348,347.679
"Ryu-printf",349,408.656
"Ryu-printf",350,334.152
"Ryu-printf",351,319.832
"Ryu-printf",352,409.137
"Ryu-printf",353,338.225
"Ryu-printf",354,378.492
"Ryu-printf",355,524.266
"Ryu-printf",356,325.372
"Ryu-printf",357,377.289
"Ryu-printf",358,337.997
"Ryu-printf",359,334.132
"Ryu-printf",360,477.358
"Ryu-printf",361,345.06
"Ryu-printf",362,438.036
"Ryu-printf",363,490.901
"Ryu-printf",364,336.406
"Ryu-printf",365,374.095
"Ryu-printf",366,330.634
"Ryu-printf",367,324.002
"Ryu-printf",368,473.496
"Ryu-printf",369,336.539
"Ryu-printf",370,525.477
"Ryu-printf",371,498.476
"Ryu-printf",372,327.791
"Ryu-printf",373,357.598
"Ryu-printf",374,353.51
"Ryu-printf",375,330.602
"Ryu-printf",376,391.87
"Ryu-printf",377,331.695
"Ryu-printf",378,501.072
"Ryu-printf",379,476.716
"Ryu-printf",380,339.042
"Ryu-printf",381,377.856
"Ryu-printf",382,358.129
"Ryu-printf",383,335.197
"Ryu-printf",384,365.618
"Ryu-printf",385,334.502
"Ryu-printf",386,530.892
"Ryu-printf",387,486.398
"Ryu-printf",388,392.415
"Ryu-printf",389,421.71
"Ryu-printf",390,347.628
"Ryu-printf",391,374.667
"Ryu-printf",392,401.893
"Ryu-printf",393,356.669
"Ryu-printf",394,634.652
"Ryu-printf",395,688.467
"Ryu-printf",396,362.074
"Ryu-printf",397,440.536
"Ryu-printf",398,364.239
"Ryu-printf",399,409.946
"Ryu-printf",400,407.581
"Ryu-printf",401,346.21
"Ryu-printf",402,613.293
"Ryu-printf",403,505.466
"Ryu-printf",404,339.092
"Ryu-printf",405,417.531
"Ryu-printf",406,352.221
"Ryu-printf",407,409.259
"Ryu-printf",408,363.683
"Ryu-printf",409,376.787
"Ryu-printf",410,460.604
"Ryu-printf",411,459.343
"Ryu-printf",412,379.985
"Ryu-printf",413,457.112
"Ryu-printf",414,363.247
"Ryu-printf",415,383.677
"Ryu-printf",416,364.845
"Ryu-printf",417,363.085
"Ryu-printf",418,458.421
"Ryu-printf",419,499.244
"Ryu-printf",420,368.696
"Ryu-printf",421,459.101
"Ryu-printf",422,355.166
"Ryu-printf",423,384.085
"Ryu-printf",424,386.532
"Ryu-printf",425,349.623
"Ryu-printf",426,445.523
"Ryu-printf",427,488.353
"Ryu-printf",428,388.338
"Ryu-printf",429,457.152
"Ryu-printf",430,370.5
"Ryu-printf",431,392.413
"Ryu-printf",432,385.59
"Ryu-printf",433,377.352
"Ryu-printf",434,446.319
"Ryu-printf",435,460.119
"Ryu-printf",436,377.69
"Ryu-printf",437,444.221
"Ryu-printf",438,363.159
"Ryu-printf",439,389.999
"Ryu-printf",440,383.349
"Ryu-printf",441,358.519
"Ryu-printf",442,435.532
"Ryu-printf",443,415.308
"Ryu-printf",444,381.102
"Ryu-printf",445,473.081
"Ryu-printf",446,354.748
"Ryu-printf",447,400.731
"Ryu-printf",448,384.738
"Ryu-printf",449,387.881
"Ryu-printf",450,459.8
"Ryu-printf",451,443.473
"Ryu-printf",452,398.666
"Ryu-printf",453,532.903
"Ryu-printf",454,360.997
"Ryu-printf",455,428.272
"Ryu-printf",456,402.871
"Ryu-printf",457,417.316
"Ryu-printf",458,455.134
"Ryu-printf",459,372.517
"Ryu-printf",460,401.832
"Ryu-printf",461,548.461
"Ryu-printf",462,361.455
"Ryu-printf",463,365.869
"Ryu-printf",464,448.616
"Ryu-printf",465,403.832
"Ryu-printf",466,422.801
"Ryu-printf",467,369.794
"Ryu-printf",468,409.113
"Ryu-printf",469,498.42
"Ryu-printf",470,414.362
"Ryu-printf",471,382.69
"Ryu-printf",472,476.655
"Ryu-printf",473,427.499
"Ryu-printf",474,390.666
"Ryu-printf",475,369.41
"Ryu-printf",476,403.698
"Ryu-printf",477,529.767
"Ryu-printf",478,414.2
"Ryu-printf",479,446.283
"Ryu-printf",480,428.578
"Ryu-printf",481,409.221
"Ryu-printf",482,419.801
"Ryu-printf",483,399.749
"Ryu-printf",484,373.875
"Ryu-printf",485,482.149
"Ryu-printf",486,417.997
"Ryu-printf",487,469.015
"Ryu-printf",488,380.07
"Ryu-printf",489,428.793
"Ryu-printf",490,440.809
"Ryu-printf",491,418.275
"Ryu-printf",492,371.263
"Ryu-printf",493,554.824
"Ryu-printf",494,428.005
"Ryu-printf",495,482.326
"Ryu-printf",496,380.125
"Ryu-printf",497,410.374
"Ryu-printf",498,431.572
"Ryu-printf",499,400.819
"Ryu-printf",500,391.053
"Ryu-printf",501,576.842
"Ryu-printf",502,423.147
"Ryu-printf",503,520.845
"Ryu-printf",504,381.042
"Ryu-printf",505,380.455
"Ryu-printf",506,397.795
"Ryu-printf",507,407.24
"Ryu-printf",508,380.691
"Ryu-printf",509,652.023
"Ryu-printf",510,417.944
"Ryu-printf",511,633.173
"Ryu-printf",512,412.834
"Ryu-printf",513,379.077
"Ryu-printf",514,388.585
"Ryu-printf",515,432.103
"Ryu-printf",516,377.061
"Ryu-printf",517,607.248
"Ryu-printf",518,428
"Ryu-printf",519,581.724
"Ryu-printf",520,448.662
"Ryu-printf",521,382.039
"Ryu-printf",522,416.788
"Ryu-printf",523,415.322
"Ryu-printf",524,399.42
"Ryu-printf",525,593.204
"Ryu-printf",526,381.93
"Ryu-printf",527,579.688
"Ryu-printf",528,440.751
"Ryu-printf",529,379.824
"Ryu-printf",530,411.262
"Ryu-printf",531,430.313
"Ryu-printf",532,414.897
"Ryu-printf",533,605.227
"Ryu-printf",534,406.315
"Ryu-printf",535,552.353
"Ryu-printf",536,460.125
"Ryu-printf",537,397.541
"Ryu-printf",538,388.137
"Ryu-printf",539,465.031
"Ryu-printf",540,409.983
"Ryu-printf",541,596.233
"Ryu-printf",542,386.653
"Ryu-printf",543,564.174
"Ryu-printf",544,431.352
"Ryu-printf",545,403.964
"Ryu-printf",546,387.732
"Ryu-printf",547,394.419
"Ryu-printf",548,417.628
"Ryu-printf",549,511.594
"Ryu-printf",550,388.286
"Ryu-printf",551,568.857
"Ryu-printf",552,515.665
"Ryu-printf",553,410.077
"Ryu-printf",554,424.219
"Ryu-printf",555,392.814
"Ryu-printf",556,427.461
"Ryu-printf",557,473.844
"Ryu-printf",558,414.824
"Ryu-printf",559,527.571
"Ryu-printf",560,536.031
"Ryu-printf",561,420.363
"Ryu-printf",562,466.108
"Ryu-printf",563,426.17
"Ryu-printf",564,427.745
"Ryu-printf",565,499.095
"Ryu-printf",566,408.346
"Ryu-printf",567,467.556
"Ryu-printf",568,495.274
"Ryu-printf",569,416.932
"Ryu-printf",570,436.011
"Ryu-printf",571,396.769
"Ryu-printf",572,436.639
"Ryu-printf",573,410.54
"Ryu-printf",574,416.174
"Ryu-printf",575,457.162
"Ryu-printf",576,579.333
"Ryu-printf",577,425.501
"Ryu-printf",578,457.037
"Ryu-printf",579,425.344
"Ryu-printf",580,448.029
"Ryu-printf",581,405.3
"Ryu-printf",582,412.508
"Ryu-printf",583,490.979
"Ryu-printf",584,627.684
"Ryu-printf",585,446.925
"Ryu-printf",586,469.577
"Ryu-printf",587,433.808
"Ryu-printf",588,469.353
"Ryu-printf",589,401.755
"Ryu-printf",590,423.186
"Ryu-printf",591,448.448
"Ryu-printf",592,602.359
"Ryu-printf",593,449.523
"Ryu-printf",594,446.555
"Ryu-printf",595,423.641
"Ryu-printf",596,526.156
"Ryu-printf",597,404.298
"Ryu-printf",598,412.785
"Ryu-printf",599,410.667
"Ryu-printf",600,613.523
"Ryu-printf",601,450.339
"Ryu-printf",602,432.932
"Ryu-printf",603,420.481
"Ryu-printf",604,607.392
"Ryu-printf",605,399.429
"Ryu-printf",606,439.888
"Ryu-printf",607,448.104
"Ryu-printf",608,668.276
"Ryu-printf",609,405.391
"Ryu-printf",610,414.45
"Ryu-printf",611,479.439
"Ryu-printf",612,718.637
"Ryu-printf",613,432.76
"Ryu-printf",614,552.006
"Ryu-printf",615,475.219
"Ryu-printf",616,517.648
"Ryu-printf",617,446.201
"Ryu-printf",618,409.274
"Ryu-printf",619,520.367
"Ryu-printf",620,758.891
"Ryu-printf",621,455.948
"Ryu-printf",622,478.196
"Ryu-printf",623,488.314
"Ryu-printf",624,452.401
"Ryu-printf",625,401.217
"Ryu-printf",626,406.316
"Ryu-printf",627,632.092
"Ryu-printf",628,621.125
"Ryu-printf",629,422.702
"Ryu-printf",630,416.69
"Ryu-printf",631,420.759
"Ryu-printf",632,453.009
"Ryu-printf",633,420.347
"Ryu-printf",634,408.469
"Ryu-printf",635,694.062
"Ryu-printf",636,638.848
"Ryu-printf",637,427.931
"Ryu-printf",638,417.597
"Ryu-printf",639,418.025
"Ryu-printf",640,478.869
"Ryu-printf",641,431.523
"Ryu-printf",642,409.598
"Ryu-printf",643,605.161
"Ryu-printf",644,573.652
"Ryu-printf",645,407.57
"Ryu-printf",646,423.175
"Ryu-printf",647,430.689
"Ryu-printf",648,547.582
"Ryu-printf",649,439.853
"Ryu-printf",650,431.408
"Ryu-printf",651,590.17
"Ryu-printf",652,567.082
"Ryu-printf",653,405.41
"Ryu-printf",654,444.107
"Ryu-printf",655,422.694
"Ryu-printf",656,551.377
"Ryu-printf",657,492.857
"Ryu-printf",658,412.512
"Ryu-printf",659,550.307
"Ryu-printf",660,534.798
"Ryu-printf",661,457.372
"Ryu-printf",662,437.561
"Ryu-printf",663,416.319
"Ryu-printf",664,516.91
"Ryu-printf",665,493.585
"Ryu-printf",666,413.884
"Ryu-printf",667,535.468
"Ryu-printf",668,515.46
"Ryu-printf",669,424.959
"Ryu-printf",670,452.303
"Ryu-printf",671,420.456
"Ryu-printf",672,487.289
"Ryu-printf",673,481.514
"Ryu-printf",674,418.45
"Ryu-printf",675,515.328
"Ryu-printf",676,594.551
"Ryu-printf",677,448.259
"Ryu-printf",678,474.718
"Ryu-printf",679,454.413
"Ryu-printf",680,524.737
"Ryu-printf",681,444.459
"Ryu-printf",682,417.224
"Ryu-printf",683,506.801
"Ryu-printf",684,653.875
"Ryu-printf",685,437.48
"Ryu-printf",686,457.343
"Ryu-printf",687,421.127
"Ryu-printf",688,486.24
"Ryu-printf",689,475.091
"Ryu-printf",690,430.4
"Ryu-printf",691,510.723
"Ryu-printf",692,727.261
"Ryu-printf",693,442.115
"Ryu-printf",694,430.057
"Ryu-printf",695,427.471
"Ryu-printf",696,497.926
"Ryu-printf",697,420.169
"Ryu-printf",698,441.37
"Ryu-printf",699,513.002
"Ryu-printf",700,752.686
"Ryu-printf",701,493.006
"Ryu-printf",702,460.43
"Ryu-printf",703,430.304
"Ryu-printf",704,532.285
"Ryu-printf",705,422.89
"Ryu-printf",706,430.451
"Ryu-printf",707,528.92
"Ryu-printf",708,714.41
"Ryu-printf",709,541.309
"Ryu-printf",710,451.989
"Ryu-printf",711,439.774
"Ryu-printf",712,485.843
"Ryu-printf",713,433.035
"Ryu-printf",714,425.584
"Ryu-printf",715,526.728
"Ryu-printf",716,637.292
"Ryu-printf",717,505.915
"Ryu-printf",718,440.167
"Ryu-printf",719,457.936
"Ryu-printf",720,449.553
"Ryu-printf",721,446.511
"Ryu-printf",722,435.522
"Ryu-printf",723,542.875
"Ryu-printf",724,571.946
"Ryu-printf",725,513.024
"Ryu-printf",726,435.928
"Ryu-printf",727,440.978
"Ryu-printf",728,444.918
"Ryu-printf",729,491.754
"Ryu-printf",730,447.643
"Ryu-printf",731,544.184
"Ryu-printf",732,541.794
"Ryu-printf",733,476.694
"Ryu-printf",734,447.063
"Ryu-printf",735,439.733
"Ryu-printf",736,473.44
"Ryu-printf",737,544.455
"Ryu-printf",738,442.84
"Ryu-printf",739,505.218
"Ryu-printf",740,527.829
"Ryu-printf",741,455.143
"Ryu-printf",742,441.647
"Ryu-printf",743,440.746
"Ryu-printf",744,500.296
"Ryu-printf",745,540.269
"Ryu-printf",746,427.515
"Ryu-printf",747,487.29
"Ryu-printf",748,504.213
"Ryu-printf",749,445.213
"Ryu-printf",750,512.129
"Ryu-printf",751,457.252
"Ryu-printf",752,543.663
"Ryu-printf",753,577.058
"Ryu-printf",754,426.257
"Ryu-printf",755,476.456
"Ryu-printf",756,446.264
"Ryu-printf",757,444.739
"Ryu-printf",758,461.515
"Ryu-printf",759,439.725
"Ryu-printf",760,551.711
"Ryu-printf",761,663.01
"Ryu-printf",762,429.308
"Ryu-printf",763,507.066
"Ryu-printf",764,482.686
"Ryu-printf",765,432.75
"Ryu-printf",766,448.985
"Ryu-printf",767,439.587
"Ryu-printf",768,548.999
"Ryu-printf",769,632.851
"Ryu-printf",770,451.128
"fmt",1,196.409
"fmt",2,109.344
"fmt",3,170.411
"fmt",4,147.159
"fmt",5,145.651
"fmt",6,117.498
"fmt",7,167.581
"fmt",8,213.693
"fmt",9,208.642
"fmt",10,123.038
"fmt",11,151.615
"fmt",12,139.045
"fmt",13,152.155
"fmt",14,133.339
"fmt",15,154.074
"fmt",16,225.144
"fmt",17,251.197
"fmt",18,369.116
"fmt",19,1785.54
"fmt",20,2048.13
"fmt",21,2151.26
"fmt",22,2173.98
"fmt",23,2233.65
"fmt",24,3180.39
"fmt",25,3227.49
"fmt",26,2658.38
"fmt",27,2931.28
"fmt",28,2766.91
"fmt",29,2753.59
"fmt",30,2816.94
"fmt",31,2735.98
"fmt",32,3269.85
"fmt",33,3368.67
"fmt",34,3247.1
"fmt",35,3312.92
"fmt",36,3496.46
"fmt",37,3497.15
"fmt",38,3539.07
"fmt",39,3274.52
"fmt",40,4092.27
"fmt",41,3890.14
"fmt",42,3578.95
"fmt",43,3891.09
"fmt",44,3828.83
"fmt",45,3743.26
"fmt",46,4295.96
"fmt",47,3856.06
"fmt",48,5269.48
"fmt",49,4320.91
"fmt",50,4273.79
"fmt",51,4211.93
"fmt",52,4097.19
"fmt",53,4197.58
"fmt",54,4996.88
"fmt",55,4513.9
"fmt",56,5532.56
"fmt",57,4791.5
"fmt",58,5101.7
"fmt",59,4580.26
"fmt",60,4631.57
"fmt",61,4986.2
"fmt",62,6135.4
"fmt",63,5299.9
"fmt",64,6213.53
"fmt",65,5421.84
"fmt",66,5224.11
"fmt",67,5223.76
"fmt",68,5439.89
"fmt",69,6200.34
"fmt",70,6860.33
"fmt",71,5946.94
"fmt",72,7047.06
"fmt",73,5558.41
"fmt",74,5490.92
"fmt",75,6571.06
"fmt",76,6181.45
"fmt",77,6032.19
"fmt",78,6659.83
"fmt",79,6337.75
"fmt",80,7349.52
"fmt",81,6055.19
"fmt",82,6449.56
"fmt",83,6674.81
"fmt",84,6925.7
"fmt",85,6219.58
"fmt",86,8248.46
"fmt",87,6758.47
"fmt",88,8315.15
"fmt",89,6470.94
"fmt",90,7196.24
"fmt",91,6899.44
"fmt",92,6873.49
"fmt",93,6719.73
"fmt",94,8327.39
"fmt",95,6648.72
"fmt",96,9197.19
"fmt",97,7316.3
"fmt",98,8442.1
"fmt",99,7838.95
"fmt",100,7272.74
"fmt",101,7428.06
"fmt",102,8592.59
"fmt",103,7423.35
"fmt",104,10622.7
"fmt",105,7908.95
"fmt",106,7820.32
"fmt",107,8029.63
"fmt",108,7831.9
"fmt",109,7766.31
"fmt",110,9052.4
"fmt",111,8197.61
"fmt",112,12759.3
"fmt",113,8128.58
"fmt",114,7702.09
"fmt",115,8114.6
"fmt",116,8413.79
"fmt",117,8209.03
"fmt",118,10200.6
"fmt",119,8931.33
"fmt",120,12469.5
"fmt",121,9448.85
"fmt",122,8078.96
"fmt",123,8364.7
"fmt",124,9091.93
"fmt",125,8491.25
"fmt",126,12577.9
"fmt",127,8352.23
"fmt",128,11841.8
"fmt",129,9043.08
"fmt",130,8802.11
"fmt",131,8910.82
"fmt",132,9835.27
"fmt",133,9483.06
"fmt",134,12550.7
"fmt",135,8683.01
"fmt",136,12239.5
"fmt",137,9284.35
"fmt",138,9526.13
"fmt",139,9581.92
"fmt",140,10566.9
"fmt",141,10204
"fmt",142,14374
"fmt",143,9084.83
"fmt",144,11462.6
"fmt",145,9956.87
"fmt",146,9748.47
"fmt",147,9724.47
"fmt",148,9641.83
"fmt",149,10587.6
"fmt",150,15603.2
"fmt",151,10314.8
"fmt",152,11450.5
"fmt",153,10609.1
"fmt",154,10094.1
"fmt",155,10016.7
"fmt",156,9913.59
"fmt",157,11135.5
"fmt",158,14475.3
"fmt",159,10211.5
"fmt",160,12719.6
"fmt",161,11508.4
"fmt",162,11163.3
"fmt",163,10718
"fmt",164,10219.4
"fmt",165,11139.1
"fmt",166,14096.1
"fmt",167,10622
"fmt",168,12770.6
"fmt",169,10833
"fmt",170,11297.3
"fmt",171,11782.5
"fmt",172,11025.1
"fmt",173,10492.4
"fmt",174,15625.2
"fmt",175,11056.4
"fmt",176,12881.7
"fmt",177,11273.6
"fmt",178,11395.4
"fmt",179,12474.6
"fmt",180,11192.8
"fmt",181,11025.4
"fmt",182,15939.2
"fmt",183,11577.2
"fmt",184,13073.2
"fmt",185,11871.7
"fmt",186,11850.7
"fmt",187,13445
"fmt",188,11541.2
"fmt",189,12187.4
"fmt",190,15013
"fmt",191,12762.8
"fmt",192,12682.1
"fmt",193,11963.7
"fmt",194,11510.9
"fmt",195,14539.1
"fmt",196,12140.2
"fmt",197,11846.5
"fmt",198,14980.7
"fmt",199,12598.2
"fmt",200,13458.2
"fmt",201,12063
"fmt",202,11801.5
"fmt",203,13543.4
"fmt",204,12916.6
"fmt",205,12184.4
"fmt",206,13431.2
"fmt",207,12659.4
"fmt",208,14428.2
"fmt",209,12519.6
"fmt",210,12089.5
"fmt",211,13450.3
"fmt",212,13550.3
"fmt",213,12446.4
"fmt",214,13999
"fmt",215,12474.3
"fmt",216,15534.5
"fmt",217,12753.2
"fmt",218,12323.7
"fmt",219,14600.9
"fmt",220,14609.6
"fmt",221,12526.1
"fmt",222,13299.3
"fmt",223,12690.8
"fmt",224,16773.4
"fmt",225,13102.8
"fmt",226,13132.3
"fmt",227,15837.4
"fmt",228,13774.6
"fmt",229,13064.5
"fmt",230,13451.8
"fmt",231,13451.2
"fmt",232,21208.5
"fmt",233,14238.7
"fmt",234,12916.2
"fmt",235,16918.5
"fmt",236,13392.6
"fmt",237,12920.1
"fmt",238,13508.5
"fmt",239,13084.8
"fmt",240,24456
"fmt",241,19703.3
"fmt",242,13287.5
"fmt",243,19678.4
"fmt",244,13492.6
"fmt",245,13043.3
"fmt",246,13625.9
"fmt",247,13552.5
"fmt",248,18549
"fmt",249,16356.4
"fmt",250,13239.1
"fmt",251,19654.8
"fmt",252,13841.2
"fmt",253,15162.3
"fmt",254,14204.7
"fmt",255,13658.6
"fmt",256,17457.6
"fmt",257,16255.3
"fmt",258,13685.8
"fmt",259,18774.9
"fmt",260,16074
"fmt",261,18409.5
"fmt",262,14086.7
"fmt",263,13841.1
"fmt",264,18463.8
"fmt",265,15879.1
"fmt",266,13877.7
"fmt",267,17095.2
"fmt",268,14061
"fmt",269,17709
"fmt",270,14357
"fmt",271,14000.5
"fmt",272,20156.3
"fmt",273,15095.7
"fmt",274,13998.2
"fmt",275,16752.1
"fmt",276,14230.2
"fmt",277,17983.8
"fmt",278,16134.2
"fmt",279,14303.9
"fmt",280,19331.3
"fmt",281,14352.7
"fmt",282,14215.9
"fmt",283,15791.9
"fmt",284,15050.1
"fmt",285,18709.2
"fmt",286,17632.3
"fmt",287,14429.6
"fmt",288,19478.8
"fmt",289,14638
"fmt",290,14841.3
"fmt",291,16174.3
"fmt",292,15167.6
"fmt",293,18541.3
"fmt",294,17731.2
"fmt",295,14548.6
"fmt",296,18687.2
"fmt",297,14804.2
"fmt",298,14960.1
"fmt",299,16184.2
"fmt",300,14677.1
"fmt",301,19906.8
"fmt",302,18292.6
"fmt",303,15070.9
"fmt",304,18394.6
"fmt",305,14903.6
"fmt",306,14767.9
"fmt",307,16672.4
"fmt",308,14806.7
"fmt",309,19218.9
"fmt",310,16473.6
"fmt",311,15534.2
"fmt",312,19090
"fmt",313,14786.6
"fmt",314,15460.3
"fmt",315,16900.5
"fmt",316,14929.3
"fmt",317,19718.6
"fmt",318,16237.9
"fmt",319,14918.8
"fmt",320,20348.1
"fmt",321,14841.1
"fmt",322,16790.1
"fmt",323,17387.1
"fmt",324,15884.6
"fmt",325,18507.5
"fmt",326,15837.2
"fmt",327,15225.9
"fmt",328,25261.7
"fmt",329,15181.9
"fmt",330,17785.9
"fmt",331,18136
"fmt",332,15609.5
"fmt",333,18503.8
"fmt",334,16174.1
"fmt",335,15305.9
"fmt",336,27846.4
"fmt",337,15347
"fmt",338,19037.4
"fmt",339,18216.4
"fmt",340,15249.2
"fmt",341,17440.3
"fmt",342,15519.5
"fmt",343,15412.4
"fmt",344,24073.3
"fmt",345,16339.3
"fmt",346,19814.7
"fmt",347,16260.3
"fmt",348,16331
"fmt",349,19059.7
"fmt",350,15727.9
"fmt",351,15518.1
"fmt",352,22553.5
"fmt",353,16826.7
"fmt",354,18366.5
"fmt",355,16714.3
"fmt",356,15481.4
"fmt",357,19277.4
"fmt",358,16172.1
"fmt",359,17386.2
"fmt",360,21184.9
"fmt",361,15726.7
"fmt",362,18999.4
"fmt",363,16714.7
"fmt",364,15676
"fmt",365,21147.4
"fmt",366,16434.2
"fmt",367,19057.2
"fmt",368,22986.9
"fmt",369,15960.7
"fmt",370,18588.7
"fmt",371,16832.9
"fmt",372,15816.9
"fmt",373,22369.5
"fmt",374,16578.4
"fmt",375,22302
"fmt",376,23247.9
"fmt",377,16040.5
"fmt",378,18508.1
"fmt",379,17088.6
"fmt",380,15785.5
"fmt",381,20274.8
"fmt",382,16132.9
"fmt",383,23728.5
"fmt",384,21575.1
"fmt",385,16057.8
"fmt",386,16896.2
"fmt",387,18438.9
"fmt",388,18084.9
"fmt",389,19089.7
"fmt",390,16374.2
"fmt",391,29485.6
"fmt",392,26286.3
"fmt",393,17095.2
"fmt",394,19397
"fmt",395,17682.1
"fmt",396,18235
"fmt",397,24157
"fmt",398,17361.6
"fmt",399,23929.7
"fmt",400,20645.2
"fmt",401,16588.1
"fmt",402,19217.3
"fmt",403,18531.8
"fmt",404,18161.2
"fmt",405,17492
"fmt",406,16741.2
"fmt",407,20042
"fmt",408,18720.2
"fmt",409,16061.1
"fmt",410,21115.4
"fmt",411,19654.4
"fmt",412,18922.1
"fmt",413,17740
"fmt",414,16882.2
"fmt",415,18850.6
"fmt",416,18554.9
"fmt",417,16256.1
"fmt",418,25967.2
"fmt",419,18254
"fmt",420,18203.5
"fmt",421,17448.2
"fmt",422,16726.9
"fmt",423,18094.2
"fmt",424,19275.4
"fmt",425,17736.5
"fmt",426,26291.8
"fmt",427,18729.9
"fmt",428,19762.1
"fmt",429,19357.6
"fmt",430,16808.1
"fmt",431,20985.7
"fmt",432,19979.2
"fmt",433,18346.9
"fmt",434,27488.4
"fmt",435,17224.4
"fmt",436,19642.1
"fmt",437,18012.9
"fmt",438,18296.7
"fmt",439,18815.7
"fmt",440,21083.5
"fmt",441,17998.8
"fmt",442,27334.8
"fmt",443,16767.8
"fmt",444,18465.2
"fmt",445,18213.5
"fmt",446,17069.6
"fmt",447,19359.8
"fmt",448,20480
"fmt",449,18823.9
"fmt",450,26774.6
"fmt",451,17028.2
"fmt",452,18767.6
"fmt",453,18308.8
"fmt",454,18124.4
"fmt",455,19802.5
"fmt",456,21383.6
"fmt",457,19879
"fmt",458,28381.5
"fmt",459,17281.4
"fmt",460,18235.5
"fmt",461,19269.5
"fmt",462,18372.5
"fmt",463,20366.8
"fmt",464,19822.5
"fmt",465,18656.5
"fmt",466,23171.9
"fmt",467,17302.6
"fmt",468,18051.3
"fmt",469,19403.8
"fmt",470,19513.9
"fmt",471,20502.9
"fmt",472,17512
"fmt",473,18857.6
"fmt",474,23656.7
"fmt",475,18897.2
"fmt",476,18196.8
"fmt",477,23142.1
"fmt",478,19098.7
"fmt",479,19734.6
"fmt",480,18661.4
"fmt",481,19678
"fmt",482,23164.7
"fmt",483,18780.2
"fmt",484,18915.3
"fmt",485,19710.8
"fmt",486,19038.8
"fmt",487,20480.9
"fmt",488,17645
"fmt",489,17900.8
"fmt",490,23031
"fmt",491,18933.4
"fmt",492,19204.1
"fmt",493,19140.3
"fmt",494,18933.7
"fmt",495,22115.2
"fmt",496,18660.2
"fmt",497,18681.8
"fmt",498,27528.3
"fmt",499,19657
"fmt",500,21788.3
"fmt",501,18833.3
"fmt",502,19073.1
"fmt",503,19948.9
"fmt",504,18977.5
"fmt",505,17815.8
"fmt",506,28050.9
"fmt",507,19713.4
"fmt",508,23514.9
"fmt",509,18503.1
"fmt",510,18324.6
"fmt",511,19264.3
"fmt",512,20135.8
"fmt",513,17879
"fmt",514,27452.2
"fmt",515,19127.9
"fmt",516,25413.4
"fmt",517,19545.2
"fmt",518,20398.9
"fmt",519,18547.8
"fmt",520,21413.5
"fmt",521,18240.6
"fmt",522,23228.1
"fmt",523,20184.2
"fmt",524,24158.1
"fmt",525,23063.7
"fmt",526,18232.9
"fmt",527,19085.8
"fmt",528,20416.5
"fmt",529,19193
"fmt",530,22649.6
"fmt",531,18385.8
"fmt",532,22744.7
"fmt",533,21276.1
"fmt",534,17874.1
"fmt",535,19113.3
"fmt",536,19817.7
"fmt",537,18834.6
"fmt",538,22359
"fmt",539,18375.2
"fmt",540,25598.9
"fmt",541,24198
"fmt",542,19163.8
"fmt",543,19493.8
"fmt",544,20811.8
"fmt",545,18985.8
"fmt",546,22385.2
"fmt",547,18572.6
"fmt",548,24907.5
"fmt",549,24583.1
"fmt",550,19132.1
"fmt",551,18727.4
"fmt",552,18973.6
"fmt",553,19228.6
"fmt",554,20110.9
"fmt",555,18562.1
"fmt",556,25456.8
"fmt",557,29223.5
"fmt",558,19071.3
"fmt",559,20016.9
"fmt",560,19402.7
"fmt",561,19913
"fmt",562,22053.4
"fmt",563,20388.5
"fmt",564,22750.9
"fmt",565,30441.9
"fmt",566,19283.4
"fmt",567,20337.9
"fmt",568,18739.5
"fmt",569,20029.7
"fmt",570,22772.6
"fmt",571,19948.7
"fmt",572,24322.4
"fmt",573,32074.6
"fmt",574,19454
"fmt",575,20744.3
"fmt",576,19324.6
"fmt",577,20935.2
"fmt",578,19869.5
"fmt",579,19666.3
"fmt",580,23424.3
"fmt",581,31323.3
"fmt",582,19111.7
"fmt",583,20261.7
"fmt",584,19493.4
"fmt",585,19353.4
"fmt",586,19046.2
"fmt",587,19751.3
"fmt",588,21142.5
"fmt",589,28003.9
"fmt",590,20604.6
"fmt",591,24589
"fmt",592,20658.2
"fmt",593,20877.8
"fmt",594,18974.5
"fmt",595,19855.1
"fmt",596,21078
"fmt",597,30250.8
"fmt",598,21003.4
"fmt",599,21741
"fmt",600,20239
"fmt",601,22192.8
"fmt",602,18689.7
"fmt",603,21273.5
"fmt",604,19927.3
"fmt",605,26075.9
"fmt",606,19425.9
"fmt",607,19598.5
"fmt",608,21970.1
"fmt",609,26747.7
"fmt",610,20404.3
"fmt",611,21979.8
"fmt",612,23936.8
"fmt",613,26122.1
"fmt",614,19522.6
"fmt",615,19646.8
"fmt",616,29497
"fmt",617,27424.5
"fmt",618,19170.4
"fmt",619,21894.1
"fmt",620,22581.4
"fmt",621,21678.1
"fmt",622,21576.1
"fmt",623,18705.9
"fmt",624,32921.4
"fmt",625,26738.4
"fmt",626,19186.1
"fmt",627,21381.8
"fmt",628,22505.6
"fmt",629,19190.6
"fmt",630,19272.3
"fmt",631,19306.5
"fmt",632,35316.1
"fmt",633,24420.5
"fmt",634,19178.2
"fmt",635,20226.7
"fmt",636,22369.2
"fmt",637,18989.2
"fmt",638,20654.8
"fmt",639,19202.4
"fmt",640,30152.3
"fmt",641,26535.9
"fmt",642,19217.4
"fmt",643,20896.8
"fmt",644,21432
"fmt",645,22149.8
"fmt",646,20144.5
"fmt",647,19118.2
"fmt",648,24930.8
"fmt",649,24986
"fmt",650,19229.2
"fmt",651,21350.7
"fmt",652,20552.6
"fmt",653,24099.6
"fmt",654,19694.3
"fmt",655,19435.5
"fmt",656,22403.9
"fmt",657,25243.9
"fmt",658,19322.7
"fmt",659,22381.4
"fmt",660,19652.3
"fmt",661,27538.8
"fmt",662,19427.1
"fmt",663,19242.4
"fmt",664,20573.5
"fmt",665,27461.4
"fmt",666,19677.7
"fmt",667,24776.3
"fmt",668,19750.1
"fmt",669,26158.1
"fmt",670,19349.9
"fmt",671,19556.8
"fmt",672,20620.1
"fmt",673,27912.1
"fmt",674,19616.9
"fmt",675,25176.4
"fmt",676,20406.6
"fmt",677,26752.6
"fmt",678,20603.8
"fmt",679,19122.9
"fmt",680,22221.8
"fmt",681,32830.9
"fmt",682,20378.8
"fmt",683,23133.2
"fmt",684,20734
"fmt",685,24726.1
"fmt",686,21608.7
"fmt",687,20137.6
"fmt",688,22842.5
"fmt",689,31552.2
"fmt",690,19919.9
"fmt",691,21816
"fmt",692,20496.5
"fmt",693,24719.9
"fmt",694,20964.9
"fmt",695,20292.5
"fmt",696,20375.5
"fmt",697,27897.8
"fmt",698,19515.6
"fmt",699,22174.9
"fmt",700,20638.6
"fmt",701,24908.6
"fmt",702,19728.2
"fmt",703,20634.7
"fmt",704,21166.7
"fmt",705,25817.5
"fmt",706,20755
"fmt",707,22228.8
"fmt",708,22268.3
"fmt",709,25585.6
"fmt",710,19928.9
"fmt",711,22490.6
"fmt",712,23341.8
"fmt",713,27689.9
"fmt",714,20620.8
"fmt",715,22318.1
"fmt",716,20763.5
"fmt",717,23469.2
"fmt",718,20192.7
"fmt",719,19994.7
"fmt",720,23492
"fmt",721,29063.9
"fmt",722,20433.5
"fmt",723,24366.4
"fmt",724,20808.9
"fmt",725,25151.8
"fmt",726,20410.3
"fmt",727,19922.2
"fmt",728,20180.3
"fmt",729,26886.3
"fmt",730,19940.3
"fmt",731,23999.2
"fmt",732,20636.2
"fmt",733,26860.6
"fmt",734,22153.2
"fmt",735,20623.4
"fmt",736,20874.1
"fmt",737,30845.9
"fmt",738,20446
"fmt",739,23716.7
"fmt",740,20129.8
"fmt",741,28708.5
"fmt",742,22081.5
"fmt",743,20429.8
"fmt",744,20764.5
"fmt",745,26447.9
"fmt",746,20302.1
"fmt",747,24528.3
"fmt",748,21876.8
"fmt",749,27214.7
"fmt",750,23943.9
"fmt",751,20142.3
"fmt",752,20201.9
"fmt",753,23708.6
"fmt",754,20928.1
"fmt",755,25527.3
"fmt",756,21082.6
"fmt",757,28559.2
"fmt",758,25851.5
"fmt",759,20038.6
"fmt",760,20700.5
"fmt",761,23012.7
"fmt",762,20757.3
"fmt",763,25441.5
"fmt",764,20910.9
"fmt",765,27794.2
"fmt",766,26456.2
"fmt",767,20278
"fmt",768,21262.3
"fmt",769,22700.6
"fmt",770,20022.5
